Ticker,Quantidade,Setor,Data de atualização,valor_atual,PAYOUT,LPA,VPA,P/L,P/VP,P/SR,ROE,ROA,EBITDA,Margem bruta,Margem líquida,Margem EBITDA,Margem operacional,P/CF,Liquidez corrente,Liquidez imediata,Liquidez seca,Giro do ativo,Endividamento geral,Ativo por ação,Dívida bruta,Dívida líquida,Capital de giro,Receita líquida por ação,EBIT por ação,Margem EBIT
ABCB4,100,,2024-04-07 20:55:03,24.459999084472656,"31,96%",3.59,24.78,6.81,0.99,1.07,14.5,0.01,,24.69,15.65,,18.06,,,,,0.09,,252.37,,,,22.97,,
AGRO3,100,,2024-04-07 20:55:07,24.889999389648438,"121,05%",2.85,19.24,8.73,1.29,2.11,13.34,0.08,314.0,29.37,21.72,25.95,22.0,13.99,2.25,0.4,1.93,0.37,66.1,31.96,1.047,827.0,609.0,11.82,2.2,18.66
RAIL3,100,,2024-04-07 20:55:11,22.450000762939453,"12,72%",0.39,8.45,57.86,2.66,3.81,4.55,0.01,5.65,37.48,6.6,51.66,8.4,7.64,1.87,1.32,1.83,0.22,210.24,26.55,18.964,11.73,4.774,5.9,1.87,31.77
ALPA3,100,,2024-04-07 20:55:16,10.0,"0,00%",2.73,5.46,3.51,1.76,1.75,50.1,0.3,1.778,40.07,50.01,47.61,55.83,17.63,3.25,0.94,2.24,0.59,69.75,9.26,1.485,563.0,2.214,5.47,2.91,53.26
ALPA4,100,,2024-04-07 20:55:21,9.59000015258789,"0,00%",2.73,5.46,3.51,1.76,1.75,50.1,0.3,1.778,40.07,50.01,47.61,55.83,17.63,3.25,0.94,2.24,0.59,69.75,9.26,1.485,563.0,2.214,5.47,2.91,53.26
AMAR3,100,,2024-04-07 20:55:35,1.809999942779541,"0,00%",7.34,0.2,0.25,9.13,0.07,,0.2,198.0,47.77,30.37,11.91,35.97,0.44,0.75,0.05,0.66,0.66,,36.45,807.0,715.0,433.0,24.16,5.89,24.36
ABEV3,100,,2024-04-07 20:55:41,12.229999542236328,"79,75%",0.92,5.01,13.29,2.44,2.42,18.67,0.11,24.659,50.72,18.76,30.93,18.86,7.8,0.89,0.39,0.66,0.6,65.51,8.42,3.501,12.836,4.442,5.06,1.18,23.38
ADHM3,100,,2024-04-07 20:55:45,1.559999942779541,N/A,,,,,,,,,,,,,,,,,,,,,,,,,
ARZZ3,100,,2024-04-07 20:55:50,56.58000183105469,"55,02%",3.6,26.21,15.72,2.16,1.3,13.61,0.07,781.0,54.24,8.23,16.13,7.76,15.22,1.27,0.03,0.91,0.81,104.02,53.84,1.081,331.0,622.0,43.67,5.03,11.53
BBAS3,100,,2024-04-07 20:55:56,57.0099983215332,"23,69%",11.73,57.11,4.86,1.0,0.65,20.54,0.02,,21.1,13.27,,15.61,,,,,0.11,,770.59,,,,88.38,,
BBDC3,100,,2024-04-07 20:56:01,12.890000343322754,"44,49%",1.42,15.15,10.22,0.96,0.84,9.38,0.01,,11.93,8.2,,2.62,,,,,0.12,,149.24,,,,17.33,,
BBDC4,100,,2024-04-07 20:56:07,14.520000457763672,"63,03%",1.42,15.15,10.22,0.96,0.84,9.38,0.01,,11.93,8.2,,2.62,,,,,0.12,,149.24,,,,17.33,,
BEEF3,100,,2024-04-07 20:56:18,6.619999885559082,"76,78%",0.69,0.29,9.55,23.05,0.15,59.97,0.01,2.562,20.5,1.47,9.53,1.27,1.49,1.86,0.41,1.65,0.94,,47.09,21.556,8.878,8.389,44.28,3.38,7.62
BPHA3,100,,2024-04-07 20:56:22,0.6200000047683716,N/A,,,,,,,,,,,,,,,,,,,,,,,,,
BPAN4,100,,2024-04-07 20:56:27,9.119999885559082,"39,11%",0.55,6.39,16.65,1.43,0.74,8.57,0.01,,49.56,4.46,,5.19,4.55,0.94,,,0.26,,46.37,,,1.646,12.28,,
BRAP3,100,,2024-04-07 20:56:32,19.829999923706055,"39,28%",4.82,19.93,4.23,1.02,,24.21,0.24,1.828,,,,,8.12,4.4,4.4,4.4,0.0,0.72,20.07,,,190.0,0.0,4.65,
BRAP4,100,,2024-04-07 20:56:37,20.420000076293945,"43,21%",4.82,19.93,4.23,1.02,,24.21,0.24,1.828,,,,,8.12,4.4,4.4,4.4,0.0,0.72,20.07,,,190.0,0.0,4.65,
BRFS3,100,,2024-04-07 20:56:42,16.170000076293945,"0,00%",1.21,8.87,13.41,1.82,0.51,11.95,0.03,4.06,16.48,3.49,7.57,3.7,6.91,1.34,0.48,1.0,0.94,266.1,34.04,20.095,10.383,6.563,31.87,0.5,1.56
APER3,100,,2024-04-07 20:56:48,43.0099983215332,"34,42%",0.57,40.86,75.18,1.05,1.55,1.48,0.01,47.0,100.0,2.17,14.82,4.94,12.3,0.74,0.03,0.74,0.39,75.32,71.6,50.0,11.0,54.0,27.8,2.39,8.58
BRKM3,100,,2024-04-07 20:56:52,24.969999313354492,"0,00%",0.01,0.01,,,290.56,138.15,0.05,2.0,4.28,6.42,3.93,8.26,,1.53,0.58,1.02,0.77,,0.12,42.0,23.0,12.0,0.09,0.0,3.45
BRKM5,100,,2024-04-07 20:56:58,25.719999313354492,"0,00%",0.01,0.01,,,290.56,138.15,0.05,2.0,4.28,6.42,3.93,8.26,,1.53,0.58,1.02,0.77,,0.12,42.0,23.0,12.0,0.09,0.0,3.45
BRPR3,100,,2024-04-07 20:57:10,131.1699981689453,"295,84%",242.74,,0.54,0.05,0.67,9.55,0.07,297.0,100.0,123.98,338.97,192.73,0.48,1.12,0.57,1.12,0.06,39.17,,82.0,80.0,35.0,195.79,658.57,336.36
BRSR6,100,,2024-04-07 20:57:15,13.369999885559082,"32,07%",2.13,23.63,6.28,0.57,0.35,9.01,0.01,,33.39,5.54,,6.26,,,,,0.13,,304.03,,,,38.39,,
OIBR3,100,,2024-04-07 20:57:21,0.6299999952316284,"0,00%",8.22,41.37,0.08,0.02,0.04,19.89,0.21,254.0,4.46,55.85,2.61,72.09,0.15,0.54,0.13,0.53,0.37,195.75,39.56,25.485,23.302,6.51,14.72,2.73,18.58
OIBR4,100,,2024-04-07 20:57:26,1.8600000143051147,"0,00%",8.22,41.37,0.08,0.02,0.04,19.89,0.21,254.0,4.46,55.85,2.61,72.09,0.15,0.54,0.13,0.53,0.37,195.75,39.56,25.485,23.302,6.51,14.72,2.73,18.58
B3SA3,100,,2024-04-07 20:57:38,12.0,"57,96%",0.73,3.59,16.4,3.34,6.83,20.37,0.08,6.339,90.01,41.65,63.9,56.02,18.04,1.55,0.15,1.55,0.2,143.62,8.75,14.009,1.979,6.689,1.76,0.93,52.91
CCRO3,100,,2024-04-07 20:58:02,13.6899995803833,"22,91%",0.84,6.17,16.22,2.22,1.46,14.18,0.03,7.796,42.88,9.8,41.18,15.91,4.06,1.3,0.54,1.25,0.35,317.85,27.05,30.654,23.477,2.512,9.37,3.08,32.87
CEDO4,100,,2024-04-07 20:58:07,27.850000381469727,"0,00%",8.04,19.85,3.47,1.4,0.25,40.09,0.09,212.0,30.08,7.19,19.03,9.07,2.85,1.4,0.24,0.88,1.26,341.08,88.22,349.0,264.0,134.0,111.54,18.87,16.92
CEED3,100,,2024-04-07 20:58:11,22.899999618530273,"0,00%",6.62,49.15,3.46,0.47,0.33,13.46,0.06,454.0,21.47,9.42,9.48,9.42,4.83,1.09,0.16,1.08,0.63,328.1,112.11,4.43,3.11,240.0,70.22,4.48,6.37
CGAS5,100,,2024-04-07 20:58:24,113.9000015258789,"33,37%",10.63,12.78,10.71,8.91,1.0,83.15,0.1,3.492,21.32,9.29,23.04,14.11,4.4,1.2,0.48,1.16,1.1,710.95,103.67,6.978,5.132,756.0,114.39,22.01,19.24
CGRA4,100,,2024-04-07 20:58:29,27.1200008392334,"56,74%",4.76,44.03,5.69,0.62,0.8,10.82,0.07,86.0,51.94,14.13,12.73,16.06,3.56,2.28,0.67,1.72,0.53,44.15,63.47,,,320.0,33.7,2.83,8.39
CIEL3,100,,2024-04-07 20:58:33,5.440000057220459,"48,34%",0.77,4.52,7.08,1.2,1.39,16.47,0.02,4.424,47.09,23.29,41.74,31.61,15.41,1.15,0.01,1.15,0.1,619.27,39.67,7.73,6.476,12.638,3.9,1.29,33.07
CMIG3,100,,2024-04-07 20:58:39,14.869999885559082,"47,46%",2.62,11.2,5.68,1.33,0.89,23.39,0.1,8.504,22.75,15.65,23.08,18.59,4.93,0.91,0.12,0.91,0.67,123.08,24.98,9.831,7.519,1.224,16.74,3.28,19.62
CMIG4,100,,2024-04-07 20:58:45,12.869999885559082,"47,46%",2.62,11.2,5.68,1.33,0.89,23.39,0.1,8.504,22.75,15.65,23.08,18.59,4.93,0.91,0.12,0.91,0.67,123.08,24.98,9.831,7.519,1.224,16.74,3.28,19.62
COCE5,100,,2024-04-07 20:58:50,35.15999984741211,"7,60%",4.05,53.83,8.68,0.65,0.32,7.53,0.02,1.788,18.58,3.66,20.74,5.29,5.08,0.56,0.02,0.56,0.66,212.5,168.23,5.855,5.66,2.26,110.76,16.01,14.46
CPFE3,100,,2024-04-07 20:58:54,34.959999084472656,"60,12%",4.8,16.38,7.29,2.13,1.01,27.69,0.07,12.477,34.33,13.93,31.4,20.19,4.53,0.91,0.22,0.91,0.53,274.88,65.06,26.437,20.904,1.711,34.49,9.18,26.62
CPLE3,100,,2024-04-07 20:59:00,8.710000038146973,"87,47%",0.76,8.01,12.85,1.22,1.35,9.62,0.04,5.076,22.8,10.83,23.64,11.59,8.25,1.47,0.61,1.45,0.38,130.74,18.71,14.962,9.322,4.406,7.2,1.24,17.2
CPLE6,100,,2024-04-07 20:59:05,9.729999542236328,"96,20%",0.76,8.01,12.85,1.22,1.35,9.62,0.04,5.076,22.8,10.83,23.64,11.59,8.25,1.47,0.61,1.45,0.38,130.74,18.71,14.962,9.322,4.406,7.2,1.24,17.2
CSAN3,100,,2024-04-07 20:59:16,15.270000457763672,"68,34%",0.25,9.86,65.71,1.64,0.75,5.48,0.02,15.581,26.67,6.43,38.33,8.74,2.83,1.62,0.87,1.51,0.29,189.23,73.56,62.256,47.175,10.77,21.69,6.54,30.14
CSMG3,100,,2024-04-07 20:59:21,21.170000076293945,"52,49%",3.63,19.92,5.84,1.06,1.09,18.21,0.1,2.578,41.35,18.63,34.83,24.12,4.64,1.26,0.51,1.21,0.52,87.35,37.32,4.743,3.712,531.0,19.47,4.71,24.16
CSNA3,100,,2024-04-07 20:59:28,14.949999809265137,"496,22%",0.24,13.2,62.3,1.13,0.44,2.05,0.0,8.558,26.33,0.89,18.84,2.28,2.72,1.32,0.64,0.94,0.5,364.98,69.02,44.859,27.279,8.06,34.26,3.91,11.41
CTNM4,100,,2024-04-07 20:59:39,1.149999976158142,"0,00%",15.47,7.84,0.12,0.23,0.05,186.32,0.26,294.0,2.07,70.52,24.44,68.77,0.59,0.49,0.08,0.3,0.36,624.99,107.68,1.305,1.095,1.014,39.24,13.05,33.25
CYRE3,100,,2024-04-07 20:59:44,23.43000030517578,"33,62%",2.36,19.24,9.94,1.22,1.5,13.01,0.06,1.192,32.68,17.68,19.07,20.19,15.21,2.83,0.07,1.76,0.36,104.37,43.46,5.158,2.454,6.314,15.64,2.82,18.0
DASA3,100,,2024-04-07 20:59:49,5.53000020980835,"0,00%",1.51,9.74,3.66,0.57,0.29,15.4,0.04,2.209,27.27,7.93,15.5,6.99,4.32,1.25,0.28,1.17,0.54,257.43,34.82,10.651,8.962,1.39,18.93,1.21,6.41
DIRR3,100,,2024-04-07 20:59:54,24.700000762939453,"23,15%",1.91,11.26,12.93,2.19,1.82,18.33,0.05,483.0,34.18,16.43,20.52,18.55,25.06,3.44,0.61,2.07,0.31,258.74,43.64,1.344,16.0,2.54,13.57,2.44,17.95
ECOR3,100,,2024-04-07 21:00:05,7.820000171661377,"10,25%",0.82,3.93,9.56,1.99,0.62,19.98,0.02,3.58,36.8,6.75,40.48,14.48,1.53,0.98,0.67,0.98,0.34,769.31,37.28,18.154,13.732,94.0,12.7,4.0,31.46
ELET3,100,,2024-04-07 21:00:23,40.939998626708984,"12,84%",1.97,48.69,20.82,0.84,2.55,3.91,0.02,17.351,49.75,11.83,46.7,4.65,11.49,1.76,0.5,1.75,0.14,137.46,115.75,60.997,41.582,20.737,16.11,5.95,36.95
ELET6,100,,2024-04-07 21:00:28,45.81999969482422,"86,84%",1.97,48.69,20.82,0.84,2.55,3.91,0.02,17.351,49.75,11.83,46.7,4.65,11.49,1.76,0.5,1.75,0.14,137.46,115.75,60.997,41.582,20.737,16.11,5.95,36.95
EMBR3,100,,2024-04-07 21:00:33,32.380001068115234,"0,00%",1.06,18.22,30.6,1.78,0.92,5.33,0.01,2.724,17.25,3.0,10.44,2.14,8.48,1.65,0.44,0.93,0.5,254.77,70.5,13.973,3.56,11.57,35.26,2.06,5.83
ENGI4,100,,2024-04-07 21:00:45,8.010000228881836,"55,86%",0.83,5.2,9.68,1.54,0.64,16.44,0.04,7.624,27.27,9.05,26.72,12.51,2.74,1.12,0.08,1.11,0.42,333.12,29.73,32.377,24.988,1.856,12.46,2.64,21.2
EQTL3,100,,2024-04-07 21:00:50,31.889999389648438,"19,49%",1.81,18.39,17.62,1.73,0.89,11.38,0.03,9.52,29.63,7.02,23.23,7.4,11.65,1.54,0.25,1.53,0.4,309.92,90.35,46.452,34.214,9.803,35.73,6.67,18.66
YDUQ3,100,,2024-04-07 21:00:56,16.649999618530273,"52,48%",0.49,9.84,33.78,1.69,1.0,5.06,0.02,1.589,59.65,3.0,30.89,2.14,5.65,1.47,0.35,1.47,0.55,203.81,30.05,5.143,4.444,679.0,16.65,2.6,15.63
ETER3,100,,2024-04-07 21:01:01,7.309999942779541,"24,61%",2.06,12.46,3.55,0.59,0.4,16.53,0.1,112.0,25.75,11.27,9.97,5.58,5.28,1.92,0.04,1.35,0.87,68.92,21.05,142.0,125.0,271.0,18.28,1.21,6.63
EUCA4,100,,2024-04-07 21:01:06,16.399999618530273,"6,04%",4.56,25.99,3.6,0.63,0.57,17.54,0.1,598.0,32.81,15.77,22.37,12.15,2.9,1.78,0.04,1.14,0.65,70.67,44.36,716.0,586.0,644.0,28.91,3.78,13.09
EVEN3,100,,2024-04-07 21:01:11,8.020000457763672,"53,49%",1.08,9.73,7.43,0.82,0.54,11.85,0.05,302.0,21.74,11.48,10.17,13.93,3.26,3.27,0.02,1.56,0.41,153.43,36.49,1.331,394.0,3.795,14.87,1.46,9.84
EZTC3,100,,2024-04-07 21:01:16,15.09000015258789,"18,97%",1.08,21.02,13.93,0.72,3.08,5.23,0.04,213.0,31.73,22.72,19.71,25.29,14.59,6.24,0.21,2.7,0.18,24.96,26.6,856.0,93.0,2.108,4.9,0.86,17.46
FESA4,100,,2024-04-07 21:01:21,8.460000038146973,"89,65%",1.08,9.03,7.81,0.94,1.23,12.0,0.09,519.0,24.87,15.72,21.34,17.23,6.27,3.17,0.68,2.13,0.59,28.8,11.64,271.0,534.0,1.085,6.89,0.86,12.47
FHER3,100,,2024-04-07 21:01:26,5.690000057220459,"0,00%",6.7,0.14,0.85,40.77,0.06,,0.12,323.0,0.16,6.77,6.04,7.34,2.76,1.12,0.02,0.57,1.78,,55.77,,,232.0,99.07,6.86,6.93
TASA4,100,,2024-04-07 21:01:31,12.710000038146973,"115,26%",1.21,8.62,10.9,1.53,0.93,13.99,0.07,254.0,35.42,8.57,14.26,11.71,11.57,1.49,0.1,0.67,0.83,97.28,17.01,528.0,324.0,394.0,14.07,1.73,12.27
FLRY3,100,,2024-04-07 21:01:36,14.699999809265137,"49,71%",0.77,9.29,18.98,1.58,1.24,8.23,0.04,1.591,26.89,6.5,24.59,8.21,5.59,1.66,0.01,1.58,0.56,126.57,21.16,4.241,3.316,1.116,11.83,1.67,14.15
FRIO3,100,,2024-04-07 21:01:42,301.0,"0,00%",1.29,65.89,232.8,4.57,0.96,2.51,0.0,188.0,17.3,0.42,9.59,0.98,10.41,0.68,0.07,0.5,1.1,642.43,284.89,1.498,1.321,586.0,312.86,20.89,6.68
GFSA3,100,,2024-04-07 21:02:00,6.21999979019165,"0,00%",2.82,24.61,2.21,0.25,0.39,11.45,0.04,16.0,4.21,17.71,1.4,13.35,3.25,1.73,0.01,0.87,0.22,200.26,73.94,1.833,1.622,1.474,15.92,0.53,3.36
GGBR3,100,,2024-04-07 21:02:05,20.34000015258789,"37,15%",4.27,27.92,5.33,0.81,0.58,15.31,0.1,13.583,16.44,10.94,19.71,13.56,3.59,2.59,0.27,1.24,0.92,52.09,42.62,10.893,5.549,17.913,39.22,5.95,15.17
GGBR4,100,,2024-04-07 21:02:10,22.739999771118164,"37,15%",4.27,27.92,5.33,0.81,0.58,15.31,0.1,13.583,16.44,10.94,19.71,13.56,3.59,2.59,0.27,1.24,0.92,52.09,42.62,10.893,5.549,17.913,39.22,5.95,15.17
GOAU3,100,,2024-04-07 21:02:15,10.779999732971191,"64,15%",2.48,16.23,4.28,0.65,0.16,15.3,0.1,13.54,16.44,11.01,19.65,13.67,0.92,2.61,0.27,1.27,0.92,51.76,72.85,10.893,5.252,18.235,66.73,10.08,15.11
GOAU4,100,,2024-04-07 21:02:20,10.609999656677246,"64,15%",2.48,16.23,4.28,0.65,0.16,15.3,0.1,13.54,16.44,11.01,19.65,13.67,0.92,2.61,0.27,1.27,0.92,51.76,72.85,10.893,5.252,18.235,66.73,10.08,15.11
GOLL4,100,,2024-04-07 21:02:25,1.559999942779541,"0,00%",0.03,6.88,70.13,0.34,0.4,5.28,0.07,5.006,30.87,6.51,26.67,5.1,2.8,0.23,0.02,0.2,1.12,172.2,5.37,10.583,9.943,9.974,5.77,0.87,17.79
GRND3,100,,2024-04-07 21:02:30,6.340000152587891,"44,32%",0.62,4.06,10.26,1.56,2.35,15.24,0.14,368.0,44.53,22.92,15.14,24.32,7.76,7.02,0.19,6.09,0.6,11.37,4.52,116.0,768.0,2.317,2.7,0.3,11.3
GSHP3,100,,2024-04-07 21:02:34,10.800000190734863,"0,00%",48.3,372.59,0.22,0.03,0.13,12.96,0.06,53.0,68.88,57.97,33.59,3.25,0.33,1.49,0.39,1.49,0.11,312.5,791.77,1.818,1.725,116.0,83.32,26.91,32.29
HBOR3,100,,2024-04-07 21:02:39,2.9100000858306885,"28,82%",0.38,10.53,7.66,0.28,0.31,7.29,0.03,256.0,29.68,13.54,20.09,15.74,3.95,2.2,0.09,0.78,0.21,156.62,45.43,1.923,1.645,1.745,9.53,1.7,17.82
PRIO3,100,,2024-04-07 21:02:52,50.45000076293945,"1,19%",5.81,15.56,8.69,3.24,3.78,37.32,0.18,9.21,64.33,43.51,77.37,51.28,5.81,1.53,0.67,1.34,0.42,103.99,31.74,9.554,7.218,1.831,13.35,8.02,60.11
HYPE3,100,,2024-04-07 21:02:58,31.229999542236328,"47,64%",2.6,18.16,12.0,1.72,2.5,14.33,0.07,2.756,63.12,20.85,34.82,19.07,8.26,1.74,0.56,1.27,0.32,112.79,38.69,9.937,7.356,3.433,12.5,3.97,31.81
MEAL3,100,,2024-04-07 21:03:22,1.649999976158142,"0,00%",0.29,3.57,5.76,0.46,0.21,8.02,0.03,307.0,34.61,3.68,13.79,2.56,4.47,0.92,0.42,0.83,0.81,167.88,9.57,529.0,295.0,43.0,7.77,0.28,3.55
INEP3,100,,2024-04-07 21:03:27,3.5199999809265137,"0,00%",10.71,25.38,0.28,0.12,20.58,42.45,0.41,75.0,49.16,,,,5.28,0.1,0.0,0.09,0.01,203.73,26.32,876.0,874.0,970.0,0.15,1.83,
INEP4,100,,2024-04-07 21:03:32,3.009999990463257,N/A,10.71,25.38,0.28,0.12,20.58,42.45,0.41,75.0,49.16,,,,5.28,0.1,0.0,0.09,0.01,203.73,26.32,876.0,874.0,970.0,0.15,1.83,
ITSA3,100,,2024-04-07 21:03:37,10.0,"42,53%",1.3,8.03,7.66,1.24,13.98,16.06,0.13,15.286,32.2,189.33,207.04,186.58,346.24,2.64,1.25,2.34,0.07,21.02,10.2,10.772,3.079,7.855,0.71,1.37,191.11
ITSA4,100,,2024-04-07 21:03:42,9.989999771118164,"42,53%",1.3,8.03,7.66,1.24,13.98,16.06,0.13,15.286,32.2,189.33,207.04,186.58,346.24,2.64,1.25,2.34,0.07,21.02,10.2,10.772,3.079,7.855,0.71,1.37,191.11
ITUB3,100,,2024-04-07 21:03:48,28.520000457763672,"36,80%",3.41,18.62,9.61,1.76,14.14,18.29,0.08,,31.59,147.16,,137.42,21.28,1.6,,,0.06,,41.65,,,58.208,2.31,,
ITUB4,100,,2024-04-07 21:03:53,32.72999954223633,"36,80%",3.41,18.62,9.61,1.76,14.14,18.29,0.08,,31.59,147.16,,137.42,21.28,1.6,,,0.06,,41.65,,,58.208,2.31,,
JBSS3,100,,2024-04-07 21:03:58,21.25,"370,37%",0.48,19.54,44.43,1.09,0.13,1.55,0.0,16.074,10.9,0.2,4.42,0.38,4.1,1.64,0.46,1.13,1.76,338.59,92.93,96.821,74.058,30.69,164.02,2.41,1.47
JFEN3,100,,2024-04-07 21:04:03,1.7599999904632568,"0,00%",2.32,34.74,0.76,0.05,0.44,6.34,0.05,83.0,18.79,62.52,98.06,120.48,0.61,0.77,0.02,0.1,0.08,227.73,50.24,609.0,587.0,257.0,3.99,3.98,99.76
JHSF3,100,,2024-04-07 21:04:08,4.690000057220459,"67,84%",0.67,7.08,7.04,0.66,2.0,9.53,0.04,973.0,59.13,31.24,61.08,44.93,26.58,2.18,0.26,1.24,0.14,112.1,16.31,3.264,2.62,1.463,2.35,1.36,57.79
JSLG3,100,,2024-04-07 21:04:14,13.180000305175781,"19,19%",1.23,5.85,10.73,2.25,0.5,21.15,0.03,1.727,18.38,4.64,22.81,4.99,2.87,1.68,0.26,1.65,0.64,614.71,41.51,7.449,5.568,1.611,26.44,4.47,16.92
KEPL3,100,,2024-04-07 21:04:19,10.300000190734863,"58,02%",1.36,4.04,7.55,2.55,1.22,33.77,0.17,336.0,29.68,16.22,22.27,20.22,6.56,1.62,0.53,1.2,1.03,102.6,8.19,196.0,159.0,374.0,8.41,1.68,19.96
KLBN4,100,,2024-04-07 21:04:24,4.929999828338623,"43,93%",0.48,2.06,10.28,2.39,1.54,20.73,0.05,7.575,38.0,15.8,42.03,21.16,3.65,2.7,1.57,2.27,0.33,303.67,9.87,31.341,20.626,10.373,3.21,0.76,23.58
LEVE3,100,,2024-04-07 21:04:44,33.9900016784668,"137,88%",5.52,6.72,6.16,5.06,1.06,81.93,0.27,917.0,29.31,17.23,21.15,21.62,5.83,1.58,0.19,1.09,1.55,206.88,20.67,893.0,540.0,613.0,32.01,6.02,18.81
LIGT3,100,,2024-04-07 21:04:55,5.25,"0,00%",0.68,8.31,7.67,0.63,0.14,8.24,0.01,2.324,20.13,1.81,16.47,5.78,1.4,0.34,0.02,0.34,0.6,666.13,63.66,,,10.171,37.89,4.13,10.89
LOGN3,100,,2024-04-07 21:05:07,34.5,"0,00%",0.56,8.77,61.45,3.93,1.58,6.41,0.02,568.0,19.97,2.57,24.31,6.19,7.3,1.55,0.61,1.46,0.65,285.38,33.81,1.626,1.063,393.0,21.84,3.19,14.58
LPSB3,100,,2024-04-07 21:05:12,2.2100000381469727,"12,39%",0.16,1.43,13.88,1.54,1.79,17.15,0.09,60.0,84.54,19.37,33.14,26.49,6.31,1.57,0.44,1.57,0.46,93.92,2.7,,,40.0,1.23,0.29,23.68
LREN3,100,,2024-04-07 21:05:22,16.940000534057617,"70,22%",1.01,10.43,16.71,1.62,1.2,9.72,0.05,1.987,60.23,7.15,14.56,6.16,6.13,1.63,0.34,1.39,0.67,103.94,21.27,1.926,1.177,4.699,14.17,0.92,6.51
LUPA3,100,,2024-04-07 21:05:28,1.7699999809265137,"0,00%",1.28,3.88,1.38,0.46,0.84,33.0,0.11,24.0,23.39,61.03,27.65,61.74,66.69,1.42,0.19,1.1,0.18,202.56,11.73,145.0,125.0,42.0,2.1,0.74,35.19
MDIA3,100,,2024-04-07 21:05:34,35.79999923706055,"24,05%",2.62,22.43,13.66,1.6,1.12,11.69,0.07,1.433,33.17,8.2,13.22,8.63,5.71,2.35,0.93,1.8,0.88,62.28,36.4,2.171,112.0,3.274,31.98,3.15,9.86
MGEL4,100,,2024-04-07 21:05:40,16.510000228881836,"0,00%",5.89,7.09,2.8,2.33,0.1,83.09,0.05,103.0,13.67,3.67,11.21,5.87,0.79,1.82,0.17,1.22,1.25,,128.27,613.0,547.0,161.0,160.44,14.39,8.97
MGLU3,100,,2024-04-07 21:05:46,1.7100000381469727,"0,00%",0.13,1.3,12.91,1.31,0.34,10.19,0.03,870.0,27.64,2.66,2.37,5.61,3.77,1.16,0.15,0.73,0.98,289.73,5.07,7.354,3.982,2.813,4.98,0.05,1.01
MILS3,100,,2024-04-07 21:05:52,13.260000228881836,"22,25%",1.13,5.92,11.75,2.24,2.37,19.03,0.1,689.0,64.44,20.19,50.06,28.46,26.25,2.62,1.41,2.44,0.5,87.49,11.13,997.0,441.0,628.0,5.59,1.91,34.06
ENEV3,100,,2024-04-07 21:06:09,12.800000190734863,"0,00%",0.14,7.8,93.18,1.64,2.01,2.03,0.01,4.284,36.78,3.01,42.45,2.79,7.27,1.28,0.49,1.13,0.23,191.65,27.49,19.7,17.108,1.325,6.37,1.69,26.48
MRFG3,100,,2024-04-07 21:06:15,10.260000228881836,"31,61%",1.63,8.19,6.3,1.25,0.07,14.55,0.03,7.801,10.12,2.74,5.9,3.43,0.76,1.24,0.15,1.0,1.01,426.14,140.51,55.824,33.931,9.929,141.86,1.14,0.8
MRVE3,100,,2024-04-07 21:06:20,7.340000152587891,"0,00%",0.05,11.98,138.56,0.61,0.56,0.24,0.0,203.0,22.71,0.25,2.74,0.99,5.01,2.07,0.07,1.26,0.3,231.43,44.55,7.847,7.44,6.035,13.2,0.12,0.94
MULT3,100,,2024-04-07 21:06:40,24.889999389648438,"57,49%",1.7,11.54,14.65,2.16,7.37,14.72,0.09,1.506,85.52,50.28,74.23,55.73,12.59,1.42,0.11,1.31,0.18,66.38,19.2,3.166,1.99,583.0,3.38,2.26,66.93
MYPK3,100,,2024-04-07 21:06:47,13.739999771118164,"147,58%",0.2,24.03,68.72,0.57,0.14,2.59,0.01,1.252,10.09,0.71,8.38,1.77,1.06,1.63,0.64,1.12,1.03,255.79,94.55,6.765,3.803,2.896,97.29,5.09,5.23
ODPV3,100,,2024-04-07 21:07:05,11.970000267028809,"34,88%",0.93,2.51,12.93,4.77,3.12,36.87,0.24,695.0,30.9,24.15,32.82,34.19,15.95,0.8,0.02,0.8,0.98,55.94,3.92,,,132.0,3.83,1.17,30.49
OSXB3,100,,2024-04-07 21:07:11,4.130000114440918,"0,00%",377.62,,0.01,0.0,0.29,17.49,0.5,340.0,100.0,,750.14,,0.61,0.01,0.0,0.01,0.02,134.76,751.88,6.049,6.047,824.0,14.37,110.74,770.5
PDGR3,100,,2024-04-07 21:07:25,0.30000001192092896,"0,00%",14.46,41.78,0.02,0.01,0.25,33.71,1.67,533.0,41.88,,580.44,,0.42,0.45,0.05,0.2,0.14,120.18,8.62,230.0,169.0,559.0,1.18,6.86,581.25
PETR3,100,,2024-04-07 21:07:30,39.040000915527344,"76,74%",9.55,29.16,4.09,1.34,0.99,32.74,0.12,265.362,52.72,24.45,51.83,34.66,2.36,0.96,0.38,0.73,0.49,174.86,80.56,303.062,227.799,6.849,39.25,14.52,36.98
PETR4,100,,2024-04-07 21:07:35,38.099998474121094,"76,74%",9.55,29.16,4.09,1.34,0.99,32.74,0.12,265.362,52.72,24.45,51.83,34.66,2.36,0.96,0.38,0.73,0.49,174.86,80.56,303.062,227.799,6.849,39.25,14.52,36.98
PFRM3,100,,2024-04-07 21:07:42,5.369999885559082,"67,21%",0.57,10.08,9.44,0.53,0.08,5.06,0.02,409.0,14.92,0.9,4.73,0.94,2.55,1.45,0.08,0.82,1.75,220.85,39.88,779.0,586.0,1.092,69.96,2.11,3.01
PINE4,100,,2024-04-07 21:07:48,4.429999828338623,"8,79%",0.86,4.68,5.15,0.95,0.41,18.37,0.01,,22.16,7.9,,12.93,3.79,0.85,,,0.11,,103.19,,,1.455,10.89,,
PLAS3,100,,2024-04-07 21:07:53,7.449999809265137,"0,00%",0.06,32.94,129.65,0.23,0.1,0.17,0.0,104.0,12.22,0.08,11.0,6.27,1.28,0.45,0.04,0.24,1.39,265.92,54.65,295.0,278.0,266.0,76.23,4.04,5.3
PMAM3,100,,2024-04-07 21:07:58,3.2100000381469727,"0,00%",24.55,74.61,0.13,0.04,0.19,32.91,0.78,660.0,36.79,142.88,67.75,141.58,1.46,0.1,0.0,0.02,0.55,142.25,31.52,3.711,3.687,3.48,17.19,13.38,77.84
POMO3,100,,2024-04-07 21:08:04,5.849999904632568,"38,52%",0.72,3.12,8.14,1.87,0.99,22.6,0.1,946.0,23.02,12.13,14.17,12.95,6.26,2.02,0.64,1.34,0.84,121.85,7.0,2.419,883.0,2.423,5.88,0.7,11.98
POMO4,100,,2024-04-07 21:08:09,7.449999809265137,"42,00%",0.72,3.12,8.14,1.87,0.99,22.6,0.1,946.0,23.02,12.13,14.17,12.95,6.26,2.02,0.64,1.34,0.84,121.85,7.0,2.419,883.0,2.423,5.88,0.7,11.98
POSI3,100,,2024-04-07 21:08:15,10.380000114440918,"37,70%",1.74,11.19,5.96,0.93,0.37,15.72,0.05,564.0,27.06,6.39,14.38,6.47,2.72,1.85,0.31,1.2,0.86,187.01,32.31,1.385,794.0,1.64,27.69,3.59,12.95
PSSA3,100,,2024-04-07 21:08:21,31.299999237060547,"39,45%",3.5,19.2,8.93,1.63,0.62,18.52,0.05,3.188,100.0,7.15,9.84,10.94,290.09,1.13,0.05,1.13,0.73,253.98,68.42,,,3.096,50.1,4.34,8.66
PTBL3,100,,2024-04-07 21:08:26,6.519999980926514,"884,57%",0.25,2.74,26.17,2.38,0.42,9.09,0.01,273.0,39.05,1.6,12.49,1.08,4.93,1.01,0.37,0.64,0.66,753.91,23.38,1.379,892.0,10.0,15.54,0.96,6.19
PTNT4,100,,2024-04-07 21:08:37,7.71999979019165,"10,83%",0.83,7.81,9.33,0.99,0.48,13.04,0.07,104.0,17.12,7.64,13.56,9.18,2.6,2.5,0.97,1.62,0.93,83.89,17.25,274.0,112.0,251.0,16.01,1.53,9.56
ENAT3,100,,2024-04-07 21:08:43,26.649999618530273,"56,13%",0.17,14.59,156.05,1.83,5.1,1.17,0.01,680.0,20.36,3.27,49.02,4.7,14.86,1.88,0.84,1.85,0.17,109.86,30.61,2.764,984.0,1.004,5.22,0.06,1.06
QUAL3,100,,2024-04-07 21:08:49,1.5700000524520874,"201,75%",0.29,4.47,5.41,0.35,0.25,5.86,0.02,592.0,78.92,4.31,33.88,6.38,0.9,1.24,0.3,1.24,0.39,250.77,15.88,2.237,1.25,315.0,6.16,0.41,6.71
RAPT3,100,,2024-04-07 21:08:56,10.600000381469727,0,1.16,8.43,10.95,1.5,0.38,17.03,0.05,1.57,25.66,6.09,14.42,8.64,1.92,1.81,0.7,1.38,0.85,229.11,38.93,5.338,2.473,3.316,33.06,3.9,11.8
RAPT4,100,,2024-04-07 21:08:59,12.6899995803833,"50,07%",1.16,8.43,10.95,1.5,0.38,17.03,0.05,1.57,25.66,6.09,14.42,8.64,1.92,1.81,0.7,1.38,0.85,229.11,38.93,5.338,2.473,3.316,33.06,3.9,11.8
RDNI3,100,,2024-04-07 21:09:05,3.8399999141693115,"11,95%",4.43,10.17,0.87,0.38,0.42,42.28,0.1,109.0,10.43,48.65,27.1,44.66,0.82,1.83,0.19,1.12,0.21,317.36,43.97,643.0,555.0,381.0,9.16,2.59,28.28
RENT3,100,,2024-04-07 21:09:10,53.18000030517578,"85,53%",1.68,23.69,31.57,2.25,1.97,7.1,0.02,10.522,28.62,6.24,36.41,6.48,5.75,0.96,0.11,0.96,0.36,218.72,75.52,40.607,30.285,653.0,26.96,5.5,20.41
FRTA3,100,,2024-04-07 21:09:21,1.350000023841858,"0,00%",2.65,36.95,0.51,0.04,0.37,7.17,0.18,2.0,16.57,72.29,13.6,75.06,0.47,0.03,0.0,0.01,0.25,140.37,14.92,67.0,67.0,97.0,3.67,0.6,16.43
RNEW11,100,,2024-04-07 21:09:28,3.450000047683716,N/A,0.04,3.74,31.33,0.31,1.27,0.99,0.0,303.0,76.13,4.05,133.0,22.28,77.38,0.32,0.04,0.32,0.07,229.7,12.33,1.074,1.051,300.0,0.91,0.8,87.92
ROMI3,100,,2024-04-07 21:09:33,12.109999656677246,"46,29%",1.76,12.55,6.88,0.96,0.92,14.05,0.07,229.0,29.95,13.41,18.68,14.94,7.31,2.23,0.45,1.26,0.54,94.82,24.49,785.0,470.0,772.0,13.17,1.86,14.11
RSID3,100,,2024-04-07 21:09:39,3.8299999237060547,"0,00%",12.8,42.6,0.3,0.09,7.72,29.83,0.47,353.0,130.55,,,,9.13,0.39,0.0,0.11,0.02,163.54,27.12,,,489.0,0.5,17.65,
SANB11,100,,2024-04-07 21:09:49,28.079999923706055,N/A,1.26,15.26,11.8,0.97,0.87,8.27,0.01,,36.55,7.4,,9.29,3.04,,,,0.12,,148.78,,,,17.11,,
SBSP3,100,,2024-04-07 21:09:55,84.16000366210938,"29,24%",5.16,43.68,16.33,1.93,2.25,11.8,0.06,9.136,37.23,13.78,35.73,18.59,11.85,0.93,0.1,0.92,0.42,105.88,89.93,19.536,16.271,625.0,37.41,9.28,24.82
SCAR3,100,,2024-04-07 21:10:01,26.989999771118164,"0,00%",5.29,29.62,5.11,0.91,1.11,17.53,0.09,602.0,49.42,21.69,43.05,23.66,198.69,2.77,0.34,2.77,0.39,105.81,61.74,1.556,1.179,668.0,24.25,9.56,39.43
SGPS3,100,,2024-04-07 21:10:05,0.8199999928474426,"0,00%",15.56,3.31,0.08,0.38,0.06,470.13,0.3,296.0,2.36,77.23,29.32,74.83,1.98,0.45,0.1,0.26,0.39,,51.07,1.064,877.0,925.0,20.15,7.86,39.02
SHOW3,100,,2024-04-07 21:10:10,2.630000114440918,"0,00%",0.85,2.63,3.09,1.0,0.25,32.28,0.12,94.0,20.43,8.3,13.5,9.05,10.34,1.22,0.61,1.21,1.39,179.1,7.47,55.0,94.0,52.0,10.4,1.33,12.8
SLCE3,100,,2024-04-07 21:10:15,19.329999923706055,"59,86%",2.02,11.11,9.57,1.74,0.94,17.89,0.06,2.154,28.73,10.28,23.62,13.42,4.63,1.82,0.4,0.92,0.58,202.49,35.77,4.393,2.779,3.326,20.58,4.36,21.21
SLED4,100,,2024-04-07 21:10:21,1.600000023841858,"0,00%",7.15,39.57,0.22,0.04,0.21,18.07,1.07,67.0,47.85,92.72,91.26,63.56,23.9,0.12,0.0,0.05,1.15,116.88,6.68,35.0,35.0,156.0,7.71,5.7,73.94
SMTO3,100,,2024-04-07 21:10:26,30.18000030517578,"42,96%",2.89,18.71,10.44,1.61,1.66,15.45,0.05,3.818,28.49,15.93,60.77,17.03,4.51,2.6,0.05,1.61,0.32,200.84,56.28,9.533,7.915,3.87,18.14,5.17,28.49
EGIE3,100,,2024-04-07 21:10:40,41.15999984741211,"74,86%",4.2,10.86,9.79,3.79,3.12,34.93,0.08,7.284,54.96,31.9,67.78,40.91,7.32,1.46,0.86,1.46,0.25,330.15,51.75,20.106,14.85,2.799,13.17,7.8,59.18
TCSA3,100,,2024-04-07 21:10:46,2.9200000762939453,"0,00%",0.76,7.26,3.83,0.4,0.49,10.32,0.04,26.0,4.77,12.64,5.91,9.93,1.34,1.93,0.22,0.93,0.29,185.17,20.74,719.0,618.0,362.0,5.94,0.47,7.87
TECN3,100,,2024-04-07 21:10:52,4.400000095367432,"11,16%",0.79,5.68,5.55,0.77,0.91,13.96,0.08,71.0,55.32,16.42,20.84,19.05,4.12,4.58,1.31,3.35,0.51,65.3,9.39,93.0,32.0,342.0,4.83,0.87,18.03
TEKA4,100,,2024-04-07 21:10:57,40.95000076293945,"0,00%",301.19,,0.14,0.01,0.07,7.32,0.13,0.0,21.24,50.91,0.06,51.35,1.14,0.04,0.0,0.02,0.25,156.82,,545.0,545.0,2.576,591.57,8.61,1.45
TGMA3,100,,2024-04-07 21:11:02,27.3799991607666,"62,18%",2.75,12.65,9.96,2.16,1.14,21.75,0.15,250.0,19.69,11.49,15.84,14.87,8.35,3.09,1.17,3.09,1.32,43.41,18.18,172.0,61.0,414.0,23.99,3.43,14.31
TOTS3,100,,2024-04-07 21:11:15,28.260000228881836,"53,21%",1.19,7.65,23.74,3.69,3.88,15.25,0.09,983.0,69.73,17.0,21.87,15.19,18.32,2.9,2.32,2.9,0.51,76.13,14.31,1.744,1.386,2.557,7.29,1.14,15.58
TPIS3,100,,2024-04-07 21:11:20,3.9000000953674316,"42,66%",0.18,20.4,21.39,0.19,0.17,1.17,0.0,85.0,19.28,1.02,8.32,9.11,0.35,0.33,0.11,0.33,0.37,213.54,64.17,1.524,1.465,352.0,23.43,2.13,9.11
TRIS3,100,,2024-04-07 21:11:25,5.289999961853027,"20,18%",0.66,7.22,7.97,0.73,0.94,9.36,0.05,168.0,23.36,12.44,16.06,15.13,910.71,2.69,0.47,1.36,0.38,98.25,14.78,1.04,678.0,1.297,5.61,0.87,15.54
TAEE11,100,,2024-04-07 21:11:37,36.209999084472656,"0,00%",1.32,6.46,9.07,1.86,3.69,20.48,0.07,2.353,63.1,40.68,69.99,42.57,16.41,2.0,0.75,2.0,0.17,191.18,18.82,9.702,8.396,1.752,3.25,2.26,69.45
TRPL4,100,,2024-04-07 21:11:42,25.760000228881836,"29,63%",4.31,26.38,5.97,0.98,2.73,16.26,0.08,3.967,59.67,46.53,63.83,50.21,28.77,2.45,0.1,2.38,0.17,101.84,54.5,9.268,7.496,3.533,9.43,5.98,63.43
UNIP3,100,,2024-04-07 21:11:57,61.9900016784668,"33,80%",7.58,23.32,8.6,2.8,1.38,32.33,0.12,1.226,34.66,16.16,25.05,23.8,6.36,2.36,1.04,2.14,0.77,161.31,61.58,2.061,77.0,1.753,47.15,9.43,20.0
UNIP6,100,,2024-04-07 21:12:02,65.19000244140625,"37,18%",7.58,23.32,8.6,2.8,1.38,32.33,0.12,1.226,34.66,16.16,25.05,23.8,6.36,2.36,1.04,2.14,0.77,161.31,61.58,2.061,77.0,1.753,47.15,9.43,20.0
USIM3,100,,2024-04-07 21:12:08,9.270000457763672,"27,67%",1.11,19.04,8.94,0.52,0.45,6.18,0.04,1.861,6.47,5.94,6.73,4.22,2.72,3.25,0.84,1.89,0.69,51.27,32.05,5.916,94.0,12.417,22.06,0.64,2.89
USIM5,100,,2024-04-07 21:12:13,9.920000076293945,"30,44%",1.11,19.04,8.94,0.52,0.45,6.18,0.04,1.861,6.47,5.94,6.73,4.22,2.72,3.25,0.84,1.89,0.69,51.27,32.05,5.916,94.0,12.417,22.06,0.64,2.89
VALE3,100,,2024-04-07 21:12:26,59.709999084472656,"49,56%",8.8,42.07,6.79,1.42,1.3,20.45,0.09,80.572,42.32,19.49,38.72,26.7,4.11,1.28,0.25,0.96,0.46,129.92,100.46,67.404,49.68,19.581,45.84,14.38,31.37
VIVR3,100,,2024-04-07 21:12:31,3.109999895095825,"0,00%",2.66,0.19,1.17,16.07,1.22,,0.23,72.0,25.61,104.62,102.24,103.85,3.19,1.06,0.1,0.5,0.22,,11.61,41.0,27.0,8.0,2.54,2.63,103.29
VIVT3,100,,2024-04-07 21:12:36,51.470001220703125,"67,94%",3.04,42.1,16.91,1.22,1.63,7.24,0.04,21.307,43.54,9.67,40.9,10.7,4.53,0.96,0.22,0.92,0.43,73.41,73.06,18.737,14.377,840.0,31.53,4.79,15.2
VLID3,100,,2024-04-07 21:12:53,18.299999237060547,"35,91%",2.61,15.87,7.02,1.15,0.66,15.82,0.08,512.0,36.48,9.34,22.71,12.11,2.31,2.3,0.77,1.81,0.89,91.22,31.11,709.0,271.0,716.0,27.56,4.79,17.37
WEGE3,100,,2024-04-07 21:12:59,37.9900016784668,"45,01%",1.37,4.13,27.82,9.19,4.91,32.86,0.19,7.09,33.23,18.05,21.81,20.28,22.71,1.92,0.58,1.29,1.03,76.4,7.5,2.835,4.247,10.342,7.74,1.54,19.88
BRSR5,100,,2024-04-07 21:13:04,16.989999771118164,"32,50%",2.13,23.63,7.99,0.72,0.44,9.01,0.01,,33.39,5.54,,6.26,,,,,0.13,,304.03,,,,38.39,,
SANB4,100,,2024-04-07 21:13:24,14.869999885559082,0,1.18,11.46,11.19,1.15,0.94,10.32,0.01,,12.23,8.4,,3.91,3.04,,,,0.09,,154.57,,,,14.08,,
STBP3,100,,2024-04-07 21:13:28,13.1899995803833,"75,93%",0.58,2.57,22.6,5.14,5.34,22.75,0.11,1.0,50.84,23.62,46.84,32.45,14.27,0.93,0.48,0.89,0.45,112.35,5.45,423.0,56.0,51.0,2.47,0.9,36.49
CGRA3,100,,2024-04-07 21:13:53,26.0,"56,74%",4.76,44.03,5.69,0.62,0.8,10.82,0.07,86.0,51.94,14.13,12.73,16.06,3.56,2.28,0.67,1.72,0.53,44.15,63.47,,,320.0,33.7,2.83,8.39
CLSC4,100,,2024-04-07 21:13:59,68.01000213623047,"49,86%",14.44,76.03,4.5,0.85,0.24,18.99,0.05,1.14,15.93,5.35,10.97,6.57,5.57,0.91,0.24,0.91,0.85,319.5,318.95,3.171,2.265,321.0,269.7,21.39,7.93
COCE3,100,,2024-04-07 21:14:04,50.9900016784668,"7,60%",4.05,53.83,11.28,0.85,0.41,7.53,0.02,1.788,18.58,3.66,20.74,5.29,6.6,0.56,0.02,0.56,0.66,212.5,168.23,5.855,5.66,2.26,110.76,16.01,14.46
TASA3,100,,2024-04-07 21:14:09,13.149999618530273,"115,26%",1.21,8.62,10.9,1.53,0.93,13.99,0.07,254.0,35.42,8.57,14.26,11.71,11.57,1.49,0.1,0.67,0.83,97.28,17.01,528.0,324.0,394.0,14.07,1.73,12.27
COGN3,100,,2024-04-07 21:14:14,2.240000009536743,"0,00%",0.26,6.22,8.53,0.36,0.72,4.02,0.02,1.399,63.73,8.79,24.07,2.95,6.18,1.36,0.17,1.23,0.23,97.82,13.39,7.775,5.984,1.314,3.1,0.39,12.59
RADL3,100,,2024-04-07 21:14:27,26.100000381469727,"48,94%",0.61,3.47,42.5,7.53,1.32,18.03,0.05,3.741,30.04,3.2,11.01,3.58,25.12,1.43,0.05,0.54,1.69,233.33,11.7,3.13,2.718,3.482,19.78,1.21,6.12
UCAS3,100,,2024-04-07 21:14:32,2.6500000953674316,"87,54%",0.23,2.88,11.55,0.92,0.81,7.98,0.04,17.0,35.45,6.98,7.92,6.18,4.35,1.47,0.31,1.14,0.62,83.78,5.28,77.0,18.0,39.0,3.29,0.12,3.8
ALUP11,100,,2024-04-07 21:14:39,30.5,N/A,0.76,8.05,13.23,1.25,2.77,10.83,0.04,2.512,75.91,34.76,75.87,44.7,3.86,1.67,0.25,1.67,0.12,167.54,31.1,11.82,8.988,2.17,3.62,2.58,71.2
ANIM3,100,,2024-04-07 21:14:44,4.559999942779541,"0,00%",0.82,5.95,5.59,0.77,0.49,7.46,0.02,1.059,59.31,5.71,28.38,5.84,3.68,1.05,0.08,1.05,0.39,237.92,23.91,5.101,4.195,78.0,9.24,1.3,14.06
BBSE3,100,,2024-04-07 21:14:49,32.959999084472656,"87,37%",3.97,4.91,8.29,6.72,,80.96,0.43,,,,,,,1.08,0.87,,,86.14,9.14,,,455.0,,4.45,
CVCB3,100,,2024-04-07 21:15:09,2.7300000190734863,"0,00%",0.87,1.16,3.14,2.36,1.0,75.15,0.11,88.0,90.24,31.89,6.14,31.58,2.52,0.93,0.19,0.93,0.36,563.02,7.67,790.0,176.0,177.0,2.73,0.25,9.11
SEER3,100,,2024-04-07 21:15:22,6.739999771118164,"0,00%",0.22,9.4,30.94,0.72,0.47,2.32,0.01,433.0,51.85,1.53,23.66,1.29,5.44,1.33,0.33,1.33,0.52,188.46,27.1,854.0,561.0,218.0,14.22,1.61,11.32
TUPY3,100,,2024-04-07 21:15:35,28.309999465942383,"35,22%",3.59,23.06,7.89,1.23,0.36,15.54,0.05,1.196,17.02,4.55,10.52,4.73,4.92,1.91,0.49,1.3,1.11,209.05,71.33,3.79,2.197,2.939,78.85,5.75,7.3
BIOM3,100,,2024-04-07 21:15:48,10.600000381469727,"0,00%",0.64,0.97,16.57,10.94,11.38,66.0,0.24,73.0,19.68,68.65,61.36,68.36,17.98,1.52,0.31,1.01,0.34,180.38,2.72,153.0,99.0,44.0,0.93,0.57,61.36
KLBN11,100,,2024-04-07 21:15:55,24.68000030517578,N/A,0.48,2.06,10.28,2.39,1.54,20.73,0.05,7.575,38.0,15.8,42.03,21.16,3.65,2.7,1.57,2.27,0.33,303.67,9.87,31.341,20.626,10.373,3.21,0.76,23.58
NUTR3,100,,2024-04-07 21:16:00,5.099999904632568,"0,00%",0.26,2.63,19.25,1.94,0.38,10.06,0.03,10.0,16.41,1.96,5.94,2.64,8.47,2.05,0.1,1.47,1.73,196.12,7.8,6.0,3.0,36.0,13.52,0.74,5.49
BAZA3,100,,2024-04-07 21:16:06,102.31999969482422,"21,71%",24.0,104.95,4.26,0.97,1.39,22.86,0.03,,25.9,32.62,,39.97,,,,,0.09,,806.52,,,,73.57,,
HGBS11,100,,2024-04-07 21:16:10,229.6699981689453,"75,77%",,,,,,,,,,,,,,,,,,,,,,,,,
HGPO11,100,,2024-04-07 21:16:15,308.5799865722656,N/A,,,,,,,,,,,,,,,,,,,,,,,,,
MBRF11,100,,2024-04-07 21:16:20,394.82000732421875,N/A,,,,,,,,,,,,,,,,,,,,,,,,,
ABCP11,100,,2024-04-07 21:16:33,75.66000366210938,"87,94%",,,,,,,,,,,,,,,,,,,,,,,,,
RBED11,100,,2024-04-07 21:16:38,143.8800048828125,"69,49%",,,,,,,,,,,,,,,,,,,,,,,,,
BBPO11,100,,2024-04-07 21:16:43,96.75,N/A,,,,,,,,,,,,,,,,,,,,,,,,,
BBRC11,100,,2024-04-07 21:16:48,113.93000030517578,N/A,,,,,,,,,,,,,,,,,,,,,,,,,
BBVJ11,100,,2024-04-07 21:16:53,62.9900016784668,N/A,,,,,,,,,,,,,,,,,,,,,,,,,
BPFF11,100,,2024-04-07 21:16:57,73.22000122070312,N/A,,,,,,,,,,,,,,,,,,,,,,,,,
BRCR11,100,,2024-04-07 21:17:02,56.029998779296875,"130,19%",,,,,,,,,,,,,,,,,,,,,,,,,
CTXT11,100,,2024-04-07 21:17:07,10.109999656677246,N/A,,,,,,,,,,,,,,,,,,,,,,,,,
CXTL11,100,,2024-04-07 21:17:11,233.94000244140625,N/A,,,,,,,,,,,,,,,,,,,,,,,,,
EURO11,100,,2024-04-07 21:17:21,248.5,"52,89%",,,,,,,,,,,,,,,,,,,,,,,,,
RCRB11,100,,2024-04-07 21:17:26,159.97999572753906,N/A,,,,,,,,,,,,,,,,,,,,,,,,,
FIGS11,100,,2024-04-07 21:17:31,59.4900016784668,N/A,,,,,,,,,,,,,,,,,,,,,,,,,
FIXX11,100,,2024-04-07 21:17:35,85.77999877929688,N/A,,,,,,,,,,,,,,,,,,,,,,,,,
FLMA11,100,,2024-04-07 21:17:41,141.86000061035156,N/A,,,,,,,,,,,,,,,,,,,,,,,,,
FPAB11,100,,2024-04-07 21:17:46,190.0,N/A,,,,,,,,,,,,,,,,,,,,,,,,,
HGCR11,100,,2024-04-07 21:20:05,105.4800033569336,N/A,,,,,,,,,,,,,,,,,,,,,,,,,
HGLG11,100,,2024-04-07 21:20:10,168.17999267578125,"67,19%",,,,,,,,,,,,,,,,,,,,,,,,,
HGRE11,100,,2024-04-07 21:20:16,130.0500030517578,"610,50%",,,,,,,,,,,,,,,,,,,,,,,,,
JSRE11,100,,2024-04-07 21:20:21,73.22000122070312,N/A,,,,,,,,,,,,,,,,,,,,,,,,,
KNCR11,100,,2024-04-07 21:20:26,102.86000061035156,N/A,,,,,,,,,,,,,,,,,,,,,,,,,
KNRE11,100,,2024-04-07 21:20:31,0.4300000071525574,N/A,,,,,,,,,,,,,,,,,,,,,,,,,
KNRI11,100,,2024-04-07 21:20:36,163.22999572753906,N/A,,,,,,,,,,,,,,,,,,,,,,,,,
MXRF11,100,,2024-04-07 21:20:40,10.4399995803833,N/A,,,,,,,,,,,,,,,,,,,,,,,,,
ONEF11,100,,2024-04-07 21:20:46,200.02999877929688,N/A,,,,,,,,,,,,,,,,,,,,,,,,,
PQDP11,100,,2024-04-07 21:20:51,1965.550048828125,N/A,,,,,,,,,,,,,,,,,,,,,,,,,
PRSV11,100,,2024-04-07 21:20:56,70.95999908447266,N/A,,,,,,,,,,,,,,,,,,,,,,,,,
RBBV11,100,,2024-04-07 21:21:00,100.0,N/A,,,,,,,,,,,,,,,,,,,,,,,,,
RBCB11,100,,2024-04-07 21:21:05,19.0,N/A,,,,,,,,,,,,,,,,,,,,,,,,,
RBGS11,100,,2024-04-07 21:21:10,28.450000762939453,N/A,,,,,,,,,,,,,,,,,,,,,,,,,
RBRD11,100,,2024-04-07 21:21:15,40.54999923706055,N/A,,,,,,,,,,,,,,,,,,,,,,,,,
RBVO11,100,,2024-04-07 21:21:20,16.020000457763672,0,,,,,,,,,,,,,,,,,,,,,,,,,
RDES11,100,,2024-04-07 21:21:23,58.0,N/A,,,,,,,,,,,,,,,,,,,,,,,,,
RNDP11,100,,2024-04-07 21:21:28,107.11000061035156,N/A,,,,,,,,,,,,,,,,,,,,,,,,,
RNGO11,100,,2024-04-07 21:21:33,48.08000183105469,N/A,,,,,,,,,,,,,,,,,,,,,,,,,
SAAG11,100,,2024-04-07 21:21:38,106.61000061035156,N/A,,,,,,,,,,,,,,,,,,,,,,,,,
SDIL11,100,,2024-04-07 21:21:44,96.5,N/A,,,,,,,,,,,,,,,,,,,,,,,,,
SHPH11,100,,2024-04-07 21:21:49,871.010009765625,N/A,,,,,,,,,,,,,,,,,,,,,,,,,
SPTW11,100,,2024-04-07 21:21:54,44.0,N/A,,,,,,,,,,,,,,,,,,,,,,,,,
TBOF11,100,,2024-04-07 21:22:04,101.5,N/A,,,,,,,,,,,,,,,,,,,,,,,,,
VRTA11,100,,2024-04-07 21:22:25,89.69000244140625,N/A,,,,,,,,,,,,,,,,,,,,,,,,,
XPCM11,100,,2024-04-07 21:22:30,9.050000190734863,N/A,,,,,,,,,,,,,,,,,,,,,,,,,
SANB3,100,,2024-04-07 21:22:42,13.229999542236328,"0,07%",1.18,11.46,11.19,1.15,0.94,10.32,0.01,,12.23,8.4,,3.91,3.04,,,,0.09,,154.57,,,,14.08,,
FRAS3,100,,2024-04-07 21:22:54,17.459999084472656,"33,51%",1.4,6.81,12.49,2.56,1.39,20.89,0.1,667.0,33.6,11.47,19.69,15.54,4.54,2.13,0.94,1.43,0.87,110.2,14.49,878.0,173.0,1.259,12.55,2.01,16.01
GEPA4,100,,2024-04-07 21:23:00,26.649999618530273,"83,95%",3.62,0.0,7.37,1.38,1.81,18.75,0.09,678.0,38.61,24.54,48.77,32.81,4.57,0.51,0.34,0.51,0.37,102.46,0.0,755.0,327.0,609.0,14.74,5.24,35.54
OFSA3,100,,2024-04-07 21:23:06,23.959999084472656,"197,30%",0.93,12.78,25.87,1.88,1.37,7.25,0.04,117.0,45.77,5.3,12.42,5.75,6.79,3.56,1.31,2.67,0.74,85.53,23.71,431.0,127.0,596.0,17.48,1.5,8.59
AAPL34,100,,2024-04-07 21:23:25,43.09000015258789,"13,59%",,,,,,,,,,,,,,,,,,,,,,,,,
ABTT34,100,,2024-04-07 21:23:31,46.900001525878906,"58,16%",,,,,,,,,,,,,,,,,,,,,,,,,
AMGN34,100,,2024-04-07 21:23:37,48.41999816894531,"57,46%",,,,,,,,,,,,,,,,,,,,,,,,,
AMZO34,100,,2024-04-07 21:23:42,47.060001373291016,"0,00%",,,,,,,,,,,,,,,,,,,,,,,,,
ARMT34,100,,2024-04-07 21:23:48,68.73999786376953,"9,13%",,,,,,,,,,,,,,,,,,,,,,,,,
ATTB34,100,,2024-04-07 21:24:00,29.600000381469727,"55,85%",,,,,,,,,,,,,,,,,,,,,,,,,
AXPB34,100,,2024-04-07 21:24:12,112.52999877929688,"21,19%",,,,,,,,,,,,,,,,,,,,,,,,,
BERK34,100,,2024-04-07 21:24:20,106.1500015258789,"0,00%",,,,,,,,,,,,,,,,,,,,,,,,,
BOAC34,100,,2024-04-07 21:24:33,47.189998626708984,"24,83%",,,,,,,,,,,,,,,,,,,,,,,,,
CATP34,100,,2024-04-07 21:24:40,120.36000061035156,"24,83%",,,,,,,,,,,,,,,,,,,,,,,,,
CMCS34,100,,2024-04-07 21:24:48,41.65999984741211,"26,37%",,,,,,,,,,,,,,,,,,,,,,,,,
COCA34,100,,2024-04-07 21:24:55,50.29999923706055,"74,25%",,,,,,,,,,,,,,,,,,,,,,,,,
CSCO34,100,,2024-04-07 21:25:01,49.2599983215332,"39,73%",,,,,,,,,,,,,,,,,,,,,,,,,
DISB34,100,,2024-04-07 21:25:07,39.63999938964844,"12,90%",,,,,,,,,,,,,,,,,,,,,,,,,
EXXO34,100,,2024-04-07 21:25:13,77.08000183105469,"35,02%",,,,,,,,,,,,,,,,,,,,,,,,,
FDMO34,100,,2024-04-07 21:25:19,68.0999984741211,"51,76%",,,,,,,,,,,,,,,,,,,,,,,,,
GEOO34,100,,2024-04-07 21:25:26,785.4400024414062,"3,42%",,,,,,,,,,,,,,,,,,,,,,,,,
GSGI34,100,,2024-04-07 21:25:32,68.80000305175781,"38,22%",,,,,,,,,,,,,,,,,,,,,,,,,
HALI34,100,,2024-04-07 21:25:37,208.57000732421875,"18,48%",,,,,,,,,,,,,,,,,,,,,,,,,
HOME34,100,,2024-04-07 21:25:42,64.91999816894531,"46,39%",,,,,,,,,,,,,,,,,,,,,,,,,
HPQB34,100,,2024-04-07 21:25:48,148.0500030517578,"26,49%",,,,,,,,,,,,,,,,,,,,,,,,,
ITLC34,100,,2024-04-07 21:25:53,32.72999954223633,"176,40%",,,,,,,,,,,,,,,,,,,,,,,,,
JNJB34,100,,2024-04-07 21:25:59,51.560001373291016,"82,40%",,,,,,,,,,,,,,,,,,,,,,,,,
JPMC34,100,,2024-04-07 21:26:05,100.3499984741211,"21,26%",,,,,,,,,,,,,,,,,,,,,,,,,
LMTB34,100,,2024-04-07 21:26:11,2287.1201171875,"39,63%",,,,,,,,,,,,,,,,,,,,,,,,,
MMMC34,100,,2024-04-07 21:26:16,115.38999938964844,"63,10%",,,,,,,,,,,,,,,,,,,,,,,,,
MRCK34,100,,2024-04-07 21:26:21,81.06999969482422,"1.794,94%",,,,,,,,,,,,,,,,,,,,,,,,,
MSCD34,100,,2024-04-07 21:26:27,78.43000030517578,"19,39%",,,,,,,,,,,,,,,,,,,,,,,,,
MSFT34,100,,2024-04-07 21:26:33,89.94999694824219,"21,15%",,,,,,,,,,,,,,,,,,,,,,,,,
NIKE34,100,,2024-04-07 21:26:38,45.099998474121094,"41,72%",,,,,,,,,,,,,,,,,,,,,,,,,
ORCL34,100,,2024-04-07 21:26:43,106.5,"31,62%",,,,,,,,,,,,,,,,,,,,,,,,,
PFIZ34,100,,2024-04-07 21:26:49,33.84000015258789,"414,84%",,,,,,,,,,,,,,,,,,,,,,,,,
PGCO34,100,,2024-04-07 21:26:54,56.5,"58,39%",,,,,,,,,,,,,,,,,,,,,,,,,
SBUB34,100,,2024-04-07 21:27:00,441.6700134277344,"57,42%",,,,,,,,,,,,,,,,,,,,,,,,,
VERZ34,100,,2024-04-07 21:27:06,35.720001220703125,"80,43%",,,,,,,,,,,,,,,,,,,,,,,,,
VISA34,100,,2024-04-07 21:27:11,70.08000183105469,"19,66%",,,,,,,,,,,,,,,,,,,,,,,,,
WALM34,100,,2024-04-07 21:27:16,18.959999084472656,"37,55%",,,,,,,,,,,,,,,,,,,,,,,,,
WFCO34,100,,2024-04-07 21:27:22,72.8499984741211,"24,70%",,,,,,,,,,,,,,,,,,,,,,,,,
BOEI34,100,,2024-04-07 21:27:37,935.5800170898438,"0,00%",,,,,,,,,,,,,,,,,,,,,,,,,
CHVX34,100,,2024-04-07 21:27:43,81.93000030517578,"83,14%",,,,,,,,,,,,,,,,,,,,,,,,,
COPH34,100,,2024-04-07 21:27:48,56.5,"15,65%",,,,,,,,,,,,,,,,,,,,,,,,,
CTGP34,100,,2024-04-07 21:27:54,52.099998474121094,"47,85%",,,,,,,,,,,,,,,,,,,,,,,,,
IBMB34,100,,2024-04-07 21:28:06,963.2999877929688,"74,74%",,,,,,,,,,,,,,,,,,,,,,,,,
LILY34,100,,2024-04-07 21:28:11,132.8000030517578,"71,24%",,,,,,,,,,,,,,,,,,,,,,,,,
MCDC34,100,,2024-04-07 21:28:16,67.6500015258789,"45,64%",,,,,,,,,,,,,,,,,,,,,,,,,
MFII11,100,,2024-04-07 21:28:21,104.98999786376953,"105,77%",,,,,,,,,,,,,,,,,,,,,,,,,
MSBR34,100,,2024-04-07 21:28:32,93.77999877929688,"58,34%",,,,,,,,,,,,,,,,,,,,,,,,,
NFLX34,100,,2024-04-07 21:28:37,64.45999908447266,"0,00%",,,,,,,,,,,,,,,,,,,,,,,,,
PEPB34,100,,2024-04-07 21:28:42,57.060001373291016,"44,34%",,,,,,,,,,,,,,,,,,,,,,,,,
SLBG34,100,,2024-04-07 21:28:47,139.14999389648438,"34,17%",,,,,,,,,,,,,,,,,,,,,,,,,
UPSS34,100,,2024-04-07 21:28:53,47.90999984741211,"76,86%",,,,,,,,,,,,,,,,,,,,,,,,,
USBC34,100,,2024-04-07 21:28:58,54.70000076293945,"103,21%",,,,,,,,,,,,,,,,,,,,,,,,,
GUAR3,100,,2024-04-07 21:29:04,7.980000019073486,"0,00%",0.07,10.46,116.28,0.76,0.45,0.66,0.0,1.052,58.46,0.39,11.97,0.24,3.0,1.66,0.23,1.42,0.62,173.26,28.59,3.508,1.065,3.623,17.62,0.86,4.87
ACNB34,100,,2024-04-07 21:29:09,1674.0,"41,34%",,,,,,,,,,,,,,,,,,,,,,,,,
BONY34,100,,2024-04-07 21:29:13,287.9700012207031,"41,09%",,,,,,,,,,,,,,,,,,,,,,,,,
DHER34,100,,2024-04-07 21:29:18,44.209999084472656,"15,73%",,,,,,,,,,,,,,,,,,,,,,,,,
IGBR3,100,,2024-04-07 21:29:23,,N/A,31.04,51.66,3.12,1.87,167.62,60.1,1.84,436.0,100.0,,,,36.7,0.33,0.0,0.33,0.03,132.65,16.86,352.0,246.0,224.0,0.58,34.81,
KMBB34,100,,2024-04-07 21:29:28,636.7999877929688,"77,63%",,,,,,,,,,,,,,,,,,,,,,,,,
METB34,100,,2024-04-07 21:29:33,371.8500061035156,"105,24%",,,,,,,,,,,,,,,,,,,,,,,,,
TELB4,100,,2024-04-07 21:29:39,10.350000381469727,"0,00%",1.47,16.5,7.02,0.63,2.14,8.93,0.03,186.0,46.66,30.55,44.65,30.55,5.51,5.73,1.36,5.73,0.1,180.83,46.35,104.0,1.099,1.326,4.83,0.78,16.17
TGTB34,100,,2024-04-07 21:29:44,885.5,"44,78%",,,,,,,,,,,,,,,,,,,,,,,,,
WHRL3,100,,2024-04-07 21:29:50,4.579999923706055,"78,92%",0.17,1.3,27.86,3.6,0.61,12.99,0.03,1.237,17.11,2.21,10.77,2.82,6.69,1.01,0.34,0.82,1.27,361.08,6.0,1.396,730.0,59.0,7.64,0.72,9.37
BMYB34,100,,2024-04-07 21:30:03,264.67999267578125,"59,57%",,,,,,,,,,,,,,,,,,,,,,,,,
COLG34,100,,2024-04-07 21:30:09,63.540000915527344,"68,79%",,,,,,,,,,,,,,,,,,,,,,,,,
COTY34,100,,2024-04-07 21:30:14,29.100000381469727,"0,00%",,,,,,,,,,,,,,,,,,,,,,,,,
EBAY34,100,,2024-04-07 21:30:21,131.55999755859375,"16,20%",,,,,,,,,,,,,,,,,,,,,,,,,
FCXO34,100,,2024-04-07 21:30:28,83.5,"31,24%",,,,,,,,,,,,,,,,,,,,,,,,,
FDXB34,100,,2024-04-07 21:30:39,1393.0799560546875,"26,39%",,,,,,,,,,,,,,,,,,,,,,,,,
GDBR34,100,,2024-04-07 21:30:44,1490.3599853515625,"43,48%",,,,,,,,,,,,,,,,,,,,,,,,,
HSHY34,100,,2024-04-07 21:30:51,196.39999389648438,"40,99%",,,,,,,,,,,,,,,,,,,,,,,,,
MDLZ34,100,,2024-04-07 21:30:57,172.5500030517578,"37,44%",,,,,,,,,,,,,,,,,,,,,,,,,
MOSC34,100,,2024-04-07 21:31:04,27.690000534057617,"26,53%",,,,,,,,,,,,,,,,,,,,,,,,,
QCOM34,100,,2024-04-07 21:31:14,72.2699966430664,0,,,,,,,,,,,,,,,,,,,,,,,,,
TEXA34,100,,2024-04-07 21:31:18,56.630001068115234,"71,07%",,,,,,,,,,,,,,,,,,,,,,,,,
WUNI34,100,,2024-04-07 21:31:42,68.6500015258789,"47,79%",,,,,,,,,,,,,,,,,,,,,,,,,
XRXB34,100,,2024-04-07 21:31:47,89.0999984741211,"93,71%",,,,,,,,,,,,,,,,,,,,,,,,,
SHUL4,100,,2024-04-07 21:31:53,6.900000095367432,"31,36%",0.78,3.63,8.87,1.9,1.28,21.41,0.12,367.0,26.03,14.43,19.09,15.88,5.07,2.92,0.12,2.3,0.81,83.33,6.66,685.0,153.0,1.021,5.39,0.85,15.8
ATOM3,100,,2024-04-07 21:31:58,2.0899999141693115,"432,19%",0.02,0.71,96.61,2.94,2.34,3.04,0.02,2.0,91.91,2.42,8.19,0.11,10.88,30.64,23.68,30.64,0.82,53.31,1.09,,,24.0,0.89,0.08,9.15
KHCB34,100,,2024-04-07 21:32:08,46.900001525878906,"58,21%",,,,,,,,,,,,,,,,,,,,,,,,,
SAPR4,100,,2024-04-07 21:32:25,5.099999904632568,"33,10%",0.99,6.45,5.13,0.79,1.22,15.43,0.08,2.827,60.03,23.89,44.93,32.17,3.24,1.41,0.65,1.37,0.33,92.98,12.44,5.777,4.492,806.0,4.16,1.55,37.3
CRIV4,100,,2024-04-07 21:32:31,6.739999771118164,"165,14%",0.18,10.23,37.35,0.66,0.33,2.13,0.0,,20.26,1.11,,0.43,,,,,0.12,,168.77,,,,20.12,,
RPMG3,100,,2024-04-07 21:32:36,2.069999933242798,"0,00%",12.19,74.73,0.17,0.03,0.03,16.31,0.14,1.003,13.15,16.72,20.3,16.72,2.45,0.55,0.0,0.37,0.83,217.06,87.51,,,4.545,72.94,14.96,20.51
BRSR3,100,,2024-04-07 21:32:41,13.319999694824219,"32,07%",2.13,23.63,6.28,0.57,0.35,9.01,0.01,,33.39,5.54,,6.26,,,,,0.13,,304.03,,,,38.39,,
DOMC11,100,,2024-04-07 21:32:45,439.0,N/A,,,,,,,,,,,,,,,,,,,,,,,,,
ENGI11,100,,2024-04-07 21:32:53,47.54999923706055,N/A,0.83,5.2,9.68,1.54,0.64,16.44,0.04,7.624,27.27,9.05,26.72,12.51,2.74,1.12,0.08,1.11,0.42,333.12,29.73,32.377,24.988,1.856,12.46,2.64,21.2
SNSY5,100,,2024-04-07 21:32:58,6.300000190734863,"0,00%",17.64,252.14,0.36,0.03,0.05,7.01,0.27,78.0,26.28,15.52,8.83,15.56,1.3,1.0,0.03,0.53,1.76,125.67,65.33,155.0,147.0,1.0,114.92,8.23,7.16
ABCB10,100,,2024-04-07 21:33:10,24.31999969482422,N/A,,,,,,,,,,,,,,,,,,,,,,,,,
AZEV4,100,,2024-04-07 21:33:19,1.2300000190734863,"0,00%",0.24,0.83,4.72,1.37,0.39,28.97,0.07,4.0,11.89,8.24,0.91,16.12,2.32,0.86,0.01,0.77,0.82,329.66,3.58,43.0,41.0,39.0,2.93,0.23,7.88
BAHI3,100,,2024-04-07 21:33:30,9.0,"0,00%",0.25,4.65,35.48,1.94,0.63,5.46,0.01,92.0,43.4,1.77,24.4,0.35,1.65,0.33,0.21,0.33,0.63,385.45,22.56,120.0,83.0,117.0,14.31,2.86,19.99
BALM4,100,,2024-04-07 21:33:36,9.979999542236328,"19,27%",0.94,14.72,10.64,0.68,0.58,7.99,0.05,24.0,60.04,6.47,13.22,10.47,4.14,3.08,0.22,2.06,0.73,68.33,25.5,22.0,33.0,119.0,17.34,2.2,10.7
BAUH4,100,,2024-04-07 21:33:41,78.79000091552734,"0,00%",3.38,20.11,23.28,3.92,1.85,16.83,0.11,17.0,23.15,7.95,7.73,5.3,13.73,1.2,0.49,0.99,1.34,58.08,31.79,,,11.0,42.58,2.19,5.14
BDLL4,100,,2024-04-07 21:33:47,7.0,"0,00%",51.52,120.72,0.14,0.06,0.43,42.68,0.14,72.0,52.2,319.7,278.36,359.7,6.83,0.86,0.09,0.71,0.05,395.72,357.0,187.0,161.0,43.0,16.12,46.19,286.57
BEES3,100,,2024-04-07 21:33:55,8.850000381469727,"44,96%",1.02,6.71,8.63,1.32,0.54,15.27,0.01,,28.15,6.31,,8.43,,,,,0.12,,131.09,,,,16.24,,
BEES4,100,,2024-04-07 21:34:00,9.699999809265137,"44,96%",1.02,6.71,8.63,1.32,0.54,15.27,0.01,,28.15,6.31,,8.43,,,,,0.12,,131.09,,,,16.24,,
BGIP4,100,,2024-04-07 21:34:06,23.399999618530273,"128,87%",2.67,37.56,8.77,0.62,0.34,7.1,0.01,,36.13,3.89,,4.64,1.39,0.74,,,0.14,,504.19,,,1.503,68.53,,
BMEB3,100,,2024-04-07 21:34:11,22.690000534057617,"36,73%",3.78,14.99,6.22,1.57,0.52,24.52,0.02,,54.7,8.4,,10.47,,,,,0.24,,187.71,,,,44.91,,
BMEB4,100,,2024-04-07 21:34:16,23.5,"40,40%",4.01,14.81,5.85,1.59,0.52,27.1,0.02,,54.71,8.84,,10.31,,,,,0.24,,187.32,,,,45.4,,
BMIN3,100,,2024-04-07 21:34:21,20.010000228881836,"94,31%",1.51,27.49,13.29,0.73,2.73,5.48,0.03,,59.71,20.53,,34.04,,,,,0.14,,53.98,,,,7.33,,
BMIN4,100,,2024-04-07 21:34:27,15.970000267028809,"105,57%",1.51,27.49,10.61,0.58,2.18,5.48,0.03,,59.71,20.53,,34.04,,,,,0.14,,53.98,,,,7.33,,
BMKS3,100,,2024-04-07 21:34:32,396.989990234375,"120,51%",39.22,454.03,10.12,0.87,11.35,8.64,0.07,2.0,29.47,112.09,18.81,152.24,7.36,19.65,18.3,19.0,0.07,16.15,527.35,5.0,164.0,172.0,34.99,6.34,18.12
BNBR3,100,,2024-04-07 21:34:38,109.0,"25,53%",24.29,123.98,4.49,0.88,1.1,19.59,0.03,,45.96,24.52,,40.0,,,,,0.13,,761.03,,,,99.08,,
BOBR4,100,,2024-04-07 21:34:43,2.2100000381469727,"0,00%",0.38,0.21,5.75,10.37,0.41,180.46,0.12,247.0,40.47,7.05,17.42,4.76,2.84,0.87,0.04,0.67,1.72,,3.17,360.0,329.0,59.0,5.45,0.85,15.53
BRIV3,100,,2024-04-07 21:34:48,12.859999656677246,"478,24%",0.08,18.92,158.85,0.68,0.35,0.42,0.0,,12.7,0.22,,0.94,,,,,0.12,,312.27,,,,36.75,,
BRIV4,100,,2024-04-07 21:34:54,12.539999961853027,"2.914,10%",0.08,18.92,154.89,0.66,0.34,0.42,0.0,,12.7,0.22,,0.94,,,,,0.12,,312.27,,,,36.75,,
CBEE3,100,,2024-04-07 21:37:24,12.0,"0,00%",0.75,21.02,15.9,0.57,0.39,3.59,0.01,1.382,17.35,2.46,17.73,3.49,14.94,0.4,0.01,0.4,0.44,230.6,69.5,5.952,5.765,4.736,30.69,2.64,8.6
CEEB3,100,,2024-04-07 21:37:29,39.0,"66,96%",7.02,24.56,5.56,1.59,0.67,28.57,0.07,4.648,30.89,12.13,30.66,13.36,4.67,0.87,0.14,0.87,0.54,333.17,106.38,14.261,13.287,887.0,57.84,14.4,24.9
CEEB5,100,,2024-04-07 21:37:34,36.86000061035156,"66,96%",7.02,24.56,5.25,1.5,0.64,28.57,0.07,4.648,30.89,12.13,30.66,13.36,4.42,0.87,0.14,0.87,0.54,333.17,106.38,14.261,13.287,887.0,57.84,14.4,24.9
CGAS3,100,,2024-04-07 21:38:01,122.5,"30,34%",10.63,12.78,10.71,8.91,1.0,83.15,0.1,3.492,21.32,9.29,23.04,14.11,4.4,1.2,0.48,1.16,1.1,710.95,103.67,6.978,5.132,756.0,114.39,22.01,19.24
CRIV3,100,,2024-04-07 21:38:10,6.980000019073486,"0,00%",0.18,10.23,38.68,0.68,0.35,2.13,0.0,,20.26,1.11,,0.43,,,,,0.12,,168.77,,,,20.12,,
CRPG5,100,,2024-04-07 21:38:16,30.399999618530273,"258,28%",1.24,23.52,24.4,1.29,1.53,5.27,0.04,25.0,6.3,6.25,4.4,6.16,12.64,4.72,0.04,2.87,0.59,42.52,33.52,6.0,199.0,527.0,19.83,0.05,0.27
CRPG6,100,,2024-04-07 21:38:22,30.260000228881836,"258,28%",1.24,23.52,24.4,1.29,1.53,5.27,0.04,25.0,6.3,6.25,4.4,6.16,12.64,4.72,0.04,2.87,0.59,42.52,33.52,6.0,199.0,527.0,19.83,0.05,0.27
CSRN3,100,,2024-04-07 21:38:27,26.5,"77,64%",3.49,9.2,7.01,2.66,1.14,37.97,0.1,1.082,30.46,16.22,29.91,17.33,5.82,0.96,0.25,0.96,0.64,266.17,33.68,2.713,2.337,58.0,21.53,5.43,25.23
CTKA4,100,,2024-04-07 21:38:32,19.110000610351562,"0,00%",6.79,18.2,2.81,1.05,0.18,37.33,0.07,85.0,42.78,6.31,12.84,6.88,0.92,1.71,0.02,1.03,1.03,671.52,104.02,502.0,446.0,186.0,107.64,10.91,10.14
CTNM3,100,,2024-04-07 21:38:37,8.600000381469727,"0,00%",15.47,7.84,0.12,0.23,0.05,186.32,0.26,294.0,2.07,70.52,24.44,68.77,0.59,0.49,0.08,0.3,0.36,624.99,107.68,1.305,1.095,1.014,39.24,13.05,33.25
CTSA3,100,,2024-04-07 21:38:42,2.940000057220459,"0,00%",1.77,8.28,0.89,0.19,0.41,21.36,0.08,6.0,22.39,45.69,5.39,48.48,0.83,1.37,0.24,0.97,0.17,174.21,22.72,209.0,176.0,51.0,3.87,0.6,15.56
CTSA4,100,,2024-04-07 21:38:47,1.5299999713897705,"0,00%",1.77,8.28,0.89,0.19,0.41,21.36,0.08,6.0,22.39,45.69,5.39,48.48,0.83,1.37,0.24,0.97,0.17,174.21,22.72,209.0,176.0,51.0,3.87,0.6,15.56
DOHL4,100,,2024-04-07 21:38:55,4.53000020980835,"0,00%",0.01,9.36,733.78,0.48,0.55,0.07,0.0,17.0,20.76,0.08,2.91,1.16,11.22,6.04,0.47,2.55,0.63,38.22,12.94,119.0,76.0,456.0,8.17,0.0,0.02
DTCY3,100,,2024-04-07 21:39:01,4.699999809265137,"0,00%",0.36,0.36,13.22,13.09,8.26,99.0,0.67,2.0,9.41,62.47,21.5,62.47,106.99,0.57,0.21,0.57,1.07,248.49,0.53,2.0,1.0,2.0,0.57,0.3,53.32
EALT4,100,,2024-04-07 21:39:06,11.0,"12,15%",2.19,10.83,5.02,1.02,0.5,20.25,0.09,75.0,23.76,9.95,15.27,11.03,4.59,1.1,0.07,0.7,0.88,130.2,24.92,127.0,112.0,20.0,22.02,2.45,11.11
EKTR4,100,,2024-04-07 21:39:11,48.5,"88,90%",5.01,15.48,9.68,3.13,1.08,32.38,0.09,2.352,28.43,11.16,27.03,15.62,7.22,1.19,0.25,1.19,0.8,262.19,56.06,5.505,4.827,505.0,44.92,10.24,22.8
EMAE4,100,,2024-04-07 21:39:27,79.5999984741211,"77,79%",4.07,29.46,19.54,2.7,4.87,13.82,0.07,84.0,26.6,24.94,13.99,26.41,32.19,6.01,2.8,6.0,0.29,91.76,56.49,,,762.0,16.33,2.09,12.81
ENGI3,100,,2024-04-07 21:39:32,15.359999656677246,"53,72%",0.83,5.2,9.68,1.54,0.64,16.44,0.04,7.624,27.27,9.05,26.72,12.51,2.74,1.12,0.08,1.11,0.42,333.12,29.73,32.377,24.988,1.856,12.46,2.64,21.2
ENMT3,100,,2024-04-07 21:39:37,77.0,"11,31%",6.3,17.18,12.22,4.48,2.23,36.67,0.11,2.438,34.14,18.23,32.23,22.1,7.87,1.2,0.05,1.19,0.58,245.94,59.43,5.39,4.445,590.0,34.55,9.87,28.55
ESTR4,100,,2024-04-07 21:39:43,2.1500000953674316,"0,00%",2.7,65.48,0.8,0.03,0.11,4.12,0.07,10.0,41.8,13.58,5.65,13.58,1.57,0.17,0.0,0.13,0.53,156.74,37.15,,,605.0,19.86,1.37,6.9
FESA3,100,,2024-04-07 21:39:48,15.5,"81,50%",1.08,9.03,7.81,0.94,1.23,12.0,0.09,519.0,24.87,15.72,21.34,17.23,6.27,3.17,0.68,2.13,0.59,28.8,11.64,271.0,534.0,1.085,6.89,0.86,12.47
FNAM11,100,,2024-04-07 21:39:53,0.3100000023841858,N/A,,,,,,,,,,,,,,,,,,,,,,,,,
FSRF11,100,,2024-04-07 21:39:58,0.18000000715255737,N/A,,,,,,,,,,,,,,,,,,,,,,,,,
HAGA4,100,,2024-04-07 21:40:10,1.1699999570846558,"0,00%",0.21,4.53,12.31,0.57,1.06,4.61,0.04,2.0,25.19,8.64,8.05,14.9,5.43,2.13,0.0,1.98,0.47,214.52,5.18,,,28.0,2.42,0.09,3.8
HBTS5,100,,2024-04-07 21:40:16,41.0,"19,07%",30.77,74.85,1.33,0.55,1.18,41.11,0.18,306.0,77.25,88.54,96.53,94.99,8.3,1.68,0.0,0.75,0.2,132.8,174.29,233.0,184.0,93.0,34.76,33.43,96.16
HETA4,100,,2024-04-07 21:40:20,6.389999866485596,"0,00%",1.24,689.32,5.14,0.01,0.86,0.18,0.05,2.0,100.0,16.78,57.6,19.59,,0.49,0.0,0.49,0.29,103.7,25.53,324.0,324.0,3.0,7.41,4.27,57.6
HOOT4,100,,2024-04-07 21:40:26,2.799999952316284,"0,00%",6.72,7.7,0.42,0.36,0.35,70.5,0.24,191.0,67.32,83.58,129.28,89.29,1.29,0.24,0.03,0.23,0.29,392.29,27.87,,,196.0,8.04,9.8,121.82
JOPA3,100,,2024-04-07 21:40:52,21.329999923706055,"127,80%",1.52,54.94,14.02,0.39,0.11,2.98,0.01,141.0,21.58,1.05,6.69,1.34,1.33,2.06,0.01,1.63,0.89,219.38,225.66,1.249,511.0,905.0,200.25,11.98,5.98
JOPA4,100,,2024-04-07 21:40:57,35.0,"140,58%",1.52,54.94,16.43,0.46,0.12,2.98,0.01,141.0,21.58,1.05,6.69,1.34,1.56,2.06,0.01,1.63,0.89,219.38,225.66,1.249,511.0,905.0,200.25,11.98,5.98
KLBN3,100,,2024-04-07 21:41:02,4.949999809265137,"43,93%",0.48,2.06,10.28,2.39,1.54,20.73,0.05,7.575,38.0,15.8,42.03,21.16,3.65,2.7,1.57,2.27,0.33,303.67,9.87,31.341,20.626,10.373,3.21,0.76,23.58
MNDL3,100,,2024-04-07 21:41:15,49.5,"0,00%",2.75,59.13,17.98,0.84,0.15,4.66,0.01,119.0,37.69,0.82,14.28,2.25,3.73,0.76,0.0,0.47,0.62,820.51,544.29,430.0,426.0,166.0,337.09,41.73,12.38
MNPR3,100,,2024-04-07 21:41:22,17.549999237060547,"0,00%",1.67,45.62,10.48,0.38,0.34,3.67,0.04,52.0,25.85,3.24,14.39,1.83,8.41,0.32,0.0,0.29,1.12,200.96,46.1,0.0,0.0,383.0,51.84,5.96,11.5
MTSA4,100,,2024-04-07 21:41:27,47.40999984741211,"35,59%",9.93,50.51,4.77,0.94,0.73,19.66,0.16,94.0,27.3,15.24,16.55,19.35,2.83,4.43,1.62,2.77,1.04,23.94,62.61,,,330.0,65.17,9.36,14.37
MWET4,100,,2024-04-07 21:41:33,5.940000057220459,"0,00%",12.31,2.81,0.48,2.11,0.05,437.47,0.08,8.0,12.71,9.45,2.86,14.56,1.44,1.01,0.0,0.72,0.89,,145.65,80.0,79.0,1.0,130.27,5.85,4.49
PEAB4,100,,2024-04-07 21:41:51,46.38999938964844,"32,23%",0.64,36.28,72.28,1.28,17.7,1.77,0.01,5.0,77.91,24.49,11.92,33.32,58.09,8.61,0.11,8.61,0.06,28.36,46.57,114.0,108.0,228.0,2.62,0.06,2.37
PNVL3,100,,2024-04-07 21:41:56,12.149999618530273,"28,53%",0.62,7.8,19.67,1.56,0.41,7.92,0.03,366.0,30.87,2.08,8.22,2.05,6.16,1.62,0.02,0.74,1.45,162.27,20.46,1.022,777.0,705.0,29.67,1.11,3.73
RANI3,100,,2024-04-07 21:42:09,9.210000038146973,"46,23%",1.6,5.34,5.76,1.73,1.39,29.96,0.11,664.0,43.07,24.05,41.65,31.73,8.19,3.75,1.6,3.35,0.46,170.93,14.46,1.626,1.025,832.0,6.65,2.3,34.59
RCSL3,100,,2024-04-07 21:42:21,1.6100000143051147,"0,00%",0.04,0.0,15.75,171.15,1.44,,0.09,1.0,11.16,9.12,1.7,9.12,9.23,1.34,0.03,0.65,0.94,,0.48,,,7.0,0.45,0.02,4.05
RCSL4,100,,2024-04-07 21:42:26,0.6399999856948853,"0,00%",0.04,0.0,15.75,171.15,1.44,,0.09,1.0,11.16,9.12,1.7,9.12,9.23,1.34,0.03,0.65,0.94,,0.48,,,7.0,0.45,0.02,4.05
REDE3,100,,2024-04-07 21:42:32,6.860000133514404,"90,03%",0.79,1.91,8.73,3.6,0.9,38.49,0.08,4.805,31.27,14.24,29.79,18.23,3.42,1.21,0.06,1.2,0.58,363.32,13.1,12.447,9.788,1.389,7.64,1.91,24.95
RPAD5,100,,2024-04-07 21:42:37,8.300000190734863,"140,48%",0.2,12.79,42.46,0.65,,1.53,0.02,9.0,,,,,,5.3,0.0,5.3,0.0,1.1,12.93,,,50.0,0.0,0.11,
RPAD6,100,,2024-04-07 21:42:43,8.970000267028809,"0,00%",0.2,12.79,45.88,0.7,,1.53,0.02,9.0,,,,,,5.3,0.0,5.3,0.0,1.1,12.93,,,50.0,0.0,0.11,
WLMM3,100,,2024-04-07 21:42:52,22.809999465942383,"27,30%",3.15,19.28,8.23,1.34,0.4,16.31,0.11,164.0,12.32,4.82,6.92,6.58,38.56,2.56,0.17,1.49,2.36,43.57,27.7,140.0,82.0,384.0,65.35,4.39,6.72
WLMM4,100,,2024-04-07 21:42:58,23.649999618530273,"30,03%",3.15,19.28,7.51,1.23,0.36,16.31,0.11,164.0,12.32,4.82,6.92,6.58,35.21,2.56,0.17,1.49,2.36,43.57,27.7,140.0,82.0,384.0,65.35,4.39,6.72
SLED3,100,,2024-04-07 21:43:03,3.2100000381469727,"0,00%",7.15,39.57,0.22,0.04,0.21,18.07,1.07,67.0,47.85,92.72,91.26,63.56,23.9,0.12,0.0,0.05,1.15,116.88,6.68,35.0,35.0,156.0,7.71,5.7,73.94
SOND5,100,,2024-04-07 21:43:15,50.52000045776367,"105,28%",4.83,24.49,12.01,2.37,0.87,19.73,0.12,23.0,34.77,7.29,14.65,13.0,9.74,2.26,0.35,2.26,1.66,63.57,40.06,,,32.0,66.31,8.29,12.5
SOND6,100,,2024-04-07 21:43:21,57.97999954223633,"105,28%",4.83,24.49,12.01,2.37,0.87,19.73,0.12,23.0,34.77,7.29,14.65,13.0,9.74,2.26,0.35,2.26,1.66,63.57,40.06,,,32.0,66.31,8.29,12.5
TELB3,100,,2024-04-07 21:43:40,14.199999809265137,"0,00%",1.47,16.5,9.63,0.86,2.94,8.93,0.03,186.0,46.66,30.55,44.65,30.55,7.55,5.73,1.36,5.73,0.1,180.83,46.35,104.0,1.099,1.326,4.83,0.78,16.17
TRPL3,100,,2024-04-07 21:43:53,32.0099983215332,"29,63%",4.31,26.38,5.97,0.98,2.73,16.26,0.08,3.967,59.67,46.53,63.83,50.21,28.77,2.45,0.1,2.38,0.17,101.84,54.5,9.268,7.496,3.533,9.43,5.98,63.43
UNIP5,100,,2024-04-07 21:43:57,67.20999908447266,"37,18%",7.58,23.32,8.6,2.8,1.38,32.33,0.12,1.226,34.66,16.16,25.05,23.8,6.36,2.36,1.04,2.14,0.77,161.31,61.58,2.061,77.0,1.753,47.15,9.43,20.0
USIM6,100,,2024-04-07 21:44:03,16.899999618530273,"30,44%",1.11,19.04,15.23,0.89,0.77,6.18,0.04,1.861,6.47,5.94,6.73,4.22,4.64,3.25,0.84,1.89,0.69,51.27,32.05,5.916,94.0,12.417,22.06,0.64,2.89
VULC3,100,,2024-04-07 21:44:09,16.700000762939453,"46,61%",1.8,7.26,9.27,2.3,1.63,24.8,0.18,641.0,41.74,17.56,22.76,19.08,8.77,3.83,0.71,2.69,1.02,39.08,10.1,437.0,76.0,1.448,10.26,1.98,19.25
WHRL4,100,,2024-04-07 21:44:22,4.670000076293945,"86,81%",0.17,1.3,27.86,3.6,0.61,12.99,0.03,1.237,17.11,2.21,10.77,2.82,6.69,1.01,0.34,0.82,1.27,361.08,6.0,1.396,730.0,59.0,7.64,0.72,9.37
ALMI11,100,,2024-04-07 21:44:27,656.0999755859375,N/A,,,,,,,,,,,,,,,,,,,,,,,,,
ANCR11B,100,,2024-04-07 21:44:31,3221.0,N/A,,,,,,,,,,,,,,,,,,,,,,,,,
BCFF11,100,,2024-04-07 21:47:00,9.329999923706055,N/A,,,,,,,,,,,,,,,,,,,,,,,,,
CEOC11,100,,2024-04-07 21:47:13,46.16999816894531,N/A,,,,,,,,,,,,,,,,,,,,,,,,,
CNES11,100,,2024-04-07 21:47:18,2.369999885559082,N/A,,,,,,,,,,,,,,,,,,,,,,,,,
MRSA6BF,100,,2024-04-07 21:47:23,,N/A,,,,,,,,,,,,,,,,,,,,,,,,,
CPTS11B,100,,2024-04-07 21:47:27,10.280810356140137,N/A,,,,,,,,,,,,,,,,,,,,,,,,,
CXCE11B,100,,2024-04-07 21:47:32,43.650001525878906,N/A,,,,,,,,,,,,,,,,,,,,,,,,,
DRIT11B,100,,2024-04-07 21:47:37,83.30000305175781,N/A,,,,,,,,,,,,,,,,,,,,,,,,,
EDFO11B,100,,2024-04-07 21:47:41,229.97999572753906,N/A,,,,,,,,,,,,,,,,,,,,,,,,,
EDGA11,100,,2024-04-07 21:47:46,19.770000457763672,N/A,,,,,,,,,,,,,,,,,,,,,,,,,
FAED11,100,,2024-04-07 21:47:57,156.0,N/A,,,,,,,,,,,,,,,,,,,,,,,,,
FAMB11B,100,,2024-04-07 21:48:02,646.0,N/A,,,,,,,,,,,,,,,,,,,,,,,,,
FCFL11,100,,2024-04-07 21:48:06,121.58000183105469,N/A,,,,,,,,,,,,,,,,,,,,,,,,,
FIIP11B,100,,2024-04-07 21:48:18,182.08999633789062,N/A,,,,,,,,,,,,,,,,,,,,,,,,,
FLRP11,100,,2024-04-07 21:48:23,2268.93994140625,N/A,,,,,,,,,,,,,,,,,,,,,,,,,
HCRI11,100,,2024-04-07 21:48:35,304.45001220703125,N/A,,,,,,,,,,,,,,,,,,,,,,,,,
HTMX11,100,,2024-04-07 21:48:39,175.77999877929688,N/A,,,,,,,,,,,,,,,,,,,,,,,,,
MAXR11,100,,2024-04-07 21:48:51,82.33999633789062,N/A,,,,,,,,,,,,,,,,,,,,,,,,,
NSLU11,100,,2024-04-07 21:48:55,190.94000244140625,N/A,,,,,,,,,,,,,,,,,,,,,,,,,
TRNT11,100,,2024-04-07 21:49:00,124.01000213623047,N/A,,,,,,,,,,,,,,,,,,,,,,,,,
ARNC34,100,,2024-04-07 21:49:14,328.0199890136719,"8,55%",,,,,,,,,,,,,,,,,,,,,,,,,
ABBV34,100,,2024-04-07 21:49:20,53.75,"203,25%",,,,,,,,,,,,,,,,,,,,,,,,,
BBYY34,100,,2024-04-07 21:49:26,396.5,"55,25%",,,,,,,,,,,,,,,,,,,,,,,,,
BCRI11,100,,2024-04-07 21:49:31,72.0999984741211,N/A,,,,,,,,,,,,,,,,,,,,,,,,,
BIIB34,100,,2024-04-07 21:49:37,175.13999938964844,"0,00%",,,,,,,,,,,,,,,,,,,,,,,,,
BLAK34,100,,2024-04-07 21:49:43,61.2599983215332,"45,57%",,,,,,,,,,,,,,,,,,,,,,,,,
COWC34,100,,2024-04-07 21:49:55,90.22000122070312,"90,13%",,,,,,,,,,,,,,,,,,,,,,,,,
CTSH34,100,,2024-04-07 21:50:00,368.8900146484375,"25,46%",,,,,,,,,,,,,,,,,,,,,,,,,
CVSH34,100,,2024-04-07 21:50:06,37.959999084472656,"34,40%",,,,,,,,,,,,,,,,,,,,,,,,,
CXRI11,100,,2024-04-07 21:50:11,80.11000061035156,N/A,,,,,,,,,,,,,,,,,,,,,,,,,
DEAI34,100,,2024-04-07 21:50:18,233.4499969482422,"2,40%",,,,,,,,,,,,,,,,,,,,,,,,,
FSLR34,100,,2024-04-07 21:50:24,440.0,"0,00%",,,,,,,,,,,,,,,,,,,,,,,,,
GILD34,100,,2024-04-07 21:50:30,177.24000549316406,"57,18%",,,,,,,,,,,,,,,,,,,,,,,,,
GOGL34,100,,2024-04-07 21:50:36,64.61000061035156,"0,00%",,,,,,,,,,,,,,,,,,,,,,,,,
GOGL35,100,,2024-04-07 21:50:43,65.08000183105469,"0,00%",,,,,,,,,,,,,,,,,,,,,,,,,
GPSI34,100,,2024-04-07 21:50:49,123.5,"37,64%",,,,,,,,,,,,,,,,,,,,,,,,,
MACY34,100,,2024-04-07 21:51:03,93.0199966430664,"148,66%",,,,,,,,,,,,,,,,,,,,,,,,,
MDTC34,100,,2024-04-07 21:51:09,217.24000549316406,"75,81%",,,,,,,,,,,,,,,,,,,,,,,,,
RIGG34,100,,2024-04-07 21:51:16,33.06999969482422,"0,00%",,,,,,,,,,,,,,,,,,,,,,,,,
ROST34,100,,2024-04-07 21:51:21,352.8699951171875,"20,29%",,,,,,,,,,,,,,,,,,,,,,,,,
SCHW34,100,,2024-04-07 21:51:31,45.68000030517578,"36,43%",,,,,,,,,,,,,,,,,,,,,,,,,
SSFO34,100,,2024-04-07 21:51:44,69.36000061035156,"0,00%",,,,,,,,,,,,,,,,,,,,,,,,,
TMOS34,100,,2024-04-07 21:51:49,61.150001525878906,"5,50%",,,,,,,,,,,,,,,,,,,,,,,,,
TRVC34,100,,2024-04-07 21:51:55,36.70000076293945,"25,78%",,,,,,,,,,,,,,,,,,,,,,,,,
USSX34,100,,2024-04-07 21:52:05,208.2100067138672,"4,80%",,,,,,,,,,,,,,,,,,,,,,,,,
VLOE34,100,,2024-04-07 21:52:11,429.57000732421875,"15,18%",,,,,,,,,,,,,,,,,,,,,,,,,
AALR3,100,,2024-04-07 21:52:22,9.3100004196167,"0,00%",1.93,7.76,4.83,1.2,0.93,23.15,0.08,152.0,30.93,18.53,12.9,16.91,10.77,0.71,0.3,0.7,0.44,182.82,22.57,1.045,826.0,211.0,9.97,0.33,3.3
BGIP3,100,,2024-04-07 21:54:43,27.290000915527344,"117,05%",2.67,37.56,8.62,0.61,0.34,7.1,0.01,,36.13,3.89,,4.64,1.37,0.74,,,0.14,,504.19,,,1.503,68.53,,
BNFS11,100,,2024-04-07 21:54:47,122.0,N/A,,,,,,,,,,,,,,,,,,,,,,,,,
CBOP11,100,,2024-04-07 21:54:52,29.1299991607666,N/A,,,,,,,,,,,,,,,,,,,,,,,,,
CEBR3,100,,2024-04-07 21:54:57,21.290000915527344,"56,96%",2.55,13.99,8.35,1.52,4.34,18.52,0.17,230.0,51.83,66.66,65.34,88.23,6.29,6.97,6.05,6.91,0.25,11.57,19.64,,,672.0,4.89,3.08,63.05
CEDO3,100,,2024-04-07 21:55:02,33.0,"0,00%",8.04,19.85,4.11,1.66,0.3,40.09,0.09,212.0,30.08,7.19,19.03,9.07,3.38,1.4,0.24,0.88,1.26,341.08,88.22,349.0,264.0,134.0,111.54,18.87,16.92
ESUT11,100,,2024-04-07 21:55:16,,N/A,,,,,,,,,,,,,,,,,,,,,,,,,
FIIB11,100,,2024-04-07 21:55:21,530.0,N/A,,,,,,,,,,,,,,,,,,,,,,,,,
FIVN11,100,,2024-04-07 21:55:25,2.880000114440918,N/A,,,,,,,,,,,,,,,,,,,,,,,,,
FMOF11,100,,2024-04-07 21:55:30,56.540000915527344,N/A,,,,,,,,,,,,,,,,,,,,,,,,,
FNOR11,100,,2024-04-07 21:55:35,0.7300000190734863,N/A,,,,,,,,,,,,,,,,,,,,,,,,,
FSPE11,100,,2024-04-07 21:55:39,0.28999999165534973,N/A,,,,,,,,,,,,,,,,,,,,,,,,,
FSTU11,100,,2024-04-07 21:55:44,0.4399999976158142,N/A,,,,,,,,,,,,,,,,,,,,,,,,,
GPAR3,100,,2024-04-07 21:55:49,47.5,"0,00%",0.0,0.0,77.66,5.07,266.9,6.53,0.06,0.0,48.61,343.66,152.99,405.78,613.69,35.27,0.01,35.27,0.02,5.08,0.0,1.0,193.0,226.0,0.0,0.0,145.23
GRLV11,100,,2024-04-07 21:55:54,145.5,N/A,,,,,,,,,,,,,,,,,,,,,,,,,
MAPT3,100,,2024-04-07 21:55:59,6.0,"0,00%",0.16,6.8,30.43,0.74,,2.42,0.2,1.0,,,,,30.43,0.0,0.0,0.0,0.0,112.38,0.84,,,1.0,0.0,0.16,
MMXM11,100,,2024-04-07 21:56:04,2.0999999046325684,"0,00%",,,,,,,,,,,,,,,,,,,,,,,,,
PABY11,100,,2024-04-07 21:56:09,14.989999771118164,"0,00%",,,,,,,,,,,,,,,,,,,,,,,,,
PATI4,100,,2024-04-07 21:56:13,33.0,"376,35%",0.56,35.12,58.86,0.94,0.42,1.6,0.01,68.0,9.56,0.71,3.67,1.75,2.91,2.54,0.02,2.0,1.2,86.16,65.38,406.0,28.0,706.0,78.52,2.33,2.97
PLRI11,100,,2024-04-07 21:56:19,14.25,N/A,,,,,,,,,,,,,,,,,,,,,,,,,
PORD11,100,,2024-04-07 21:56:24,9.270000457763672,N/A,,,,,,,,,,,,,,,,,,,,,,,,,
RBDS11,100,,2024-04-07 21:56:29,2.3299999237060547,N/A,,,,,,,,,,,,,,,,,,,,,,,,,
RPAD3,100,,2024-04-07 21:56:34,8.399999618530273,"0,00%",0.2,12.79,42.97,0.66,,1.53,0.02,9.0,,,,,,5.3,0.0,5.3,0.0,1.1,12.93,,,50.0,0.0,0.11,
SCPF11,100,,2024-04-07 21:56:40,3.930000066757202,N/A,,,,,,,,,,,,,,,,,,,,,,,,,
AIGB34,100,,2024-04-07 21:57:03,393.8999938964844,"23,60%",,,,,,,,,,,,,,,,,,,,,,,,,
DUKB34,100,,2024-04-07 21:57:09,485.70001220703125,"63,66%",,,,,,,,,,,,,,,,,,,,,,,,,
MOVI3,100,,2024-04-07 21:57:15,7.929999828338623,"134,17%",1.8,6.96,4.41,1.14,0.28,25.81,0.03,3.499,26.77,6.29,33.84,8.09,0.89,0.73,0.02,0.73,0.41,895.96,69.33,15.299,12.3,2.026,28.55,3.48,12.2
BPAC11,100,,2024-04-07 21:57:31,35.400001525878906,N/A,0.86,4.29,19.65,3.95,4.24,20.1,0.02,,21.46,21.57,,25.73,94.56,1.01,,,0.1,,38.44,,,2.246,4.0,,
PPLA11,100,,2024-04-07 21:57:36,3.6700000762939453,N/A,,,,,,,,,,,,,,,,,,,,,,,,,
AALL34,100,,2024-04-07 21:57:41,69.5,"0,00%",,,,,,,,,,,,,,,,,,,,,,,,,
GMCO34,100,,2024-04-07 21:57:48,55.83000183105469,"4,15%",,,,,,,,,,,,,,,,,,,,,,,,,
UPAC34,100,,2024-04-07 21:58:10,306.8999938964844,"42,07%",,,,,,,,,,,,,,,,,,,,,,,,,
RNEW3,100,,2024-04-07 21:58:16,1.159999966621399,"0,00%",0.04,3.74,31.33,0.31,1.27,0.99,0.0,303.0,76.13,4.05,133.0,22.28,77.38,0.32,0.04,0.32,0.07,229.7,12.33,1.074,1.051,300.0,0.91,0.8,87.92
RNEW4,100,,2024-04-07 21:58:23,1.149999976158142,"0,00%",0.04,3.74,31.33,0.31,1.27,0.99,0.0,303.0,76.13,4.05,133.0,22.28,77.38,0.32,0.04,0.32,0.07,229.7,12.33,1.074,1.051,300.0,0.91,0.8,87.92
AZUL4,100,,2024-04-07 21:58:28,12.960000038146973,"0,00%",0.97,16.83,13.5,0.77,0.91,5.74,0.06,4.626,21.1,6.75,25.56,6.75,6.95,0.42,0.1,0.37,0.92,192.1,15.5,26.575,25.175,8.133,14.31,1.77,12.33
KNIP11,100,,2024-04-07 21:58:33,97.0,N/A,,,,,,,,,,,,,,,,,,,,,,,,,
TEND3,100,,2024-04-07 21:58:39,12.600000381469727,"0,00%",0.78,6.98,16.18,1.8,0.53,11.86,0.02,134.0,20.96,3.53,4.63,2.0,5.54,1.64,0.03,0.96,0.64,425.79,36.92,1.244,526.0,986.0,23.58,0.59,2.5
TSLA34,100,,2024-04-07 21:58:44,26.06999969482422,"0,00%",,,,,,,,,,,,,,,,,,,,,,,,,
CRFB3,100,,2024-04-07 21:58:50,13.399999618530273,"188,91%",0.38,9.12,35.54,1.47,0.26,3.07,0.01,4.779,18.81,0.58,4.35,0.03,5.97,0.94,0.25,0.69,1.18,345.41,44.0,21.129,8.828,2.788,52.11,1.35,2.59
GGRC11,100,,2024-04-07 21:59:10,11.550000190734863,N/A,,,,,,,,,,,,,,,,,,,,,,,,,
GEPA3,100,,2024-04-07 21:59:16,27.200000762939453,"83,95%",3.62,0.0,7.79,1.46,1.91,18.75,0.09,678.0,38.61,24.54,48.77,32.81,4.83,0.51,0.34,0.51,0.37,102.46,0.0,755.0,327.0,609.0,14.74,5.24,35.54
SAPR3,100,,2024-04-07 21:59:22,4.880000114440918,"30,09%",0.99,6.45,5.13,0.79,1.22,15.43,0.08,2.827,60.03,23.89,44.93,32.17,3.24,1.41,0.65,1.37,0.33,92.98,12.44,5.777,4.492,806.0,4.16,1.55,37.3
CAML3,100,,2024-04-07 21:59:27,8.430000305175781,"36,90%",,,,,,,,,,,,,,,,,,,,,,,,,
VISC11,100,,2024-04-07 21:59:33,122.0999984741211,"40,85%",,,,,,,,,,,,,,,,,,,,,,,,,
SUZB3,100,,2024-04-07 21:59:38,62.810001373291016,"10,72%",10.8,34.27,5.82,1.83,2.06,31.48,0.1,19.537,36.92,35.48,49.14,45.27,4.73,2.61,0.56,2.2,0.28,220.45,110.11,77.172,56.002,23.774,30.48,9.37,30.73
SAPR11,100,,2024-04-07 21:59:45,25.34000015258789,N/A,0.99,6.45,5.13,0.79,1.22,15.43,0.08,2.827,60.03,23.89,44.93,32.17,3.24,1.41,0.65,1.37,0.33,92.98,12.44,5.777,4.492,806.0,4.16,1.55,37.3
FMXB34,100,,2024-04-07 22:00:19,607.7999877929688,"36,18%",,,,,,,,,,,,,,,,,,,,,,,,,
HONB34,100,,2024-04-07 22:00:31,1000.27001953125,"44,73%",,,,,,,,,,,,,,,,,,,,,,,,,
ALZR11,100,,2024-04-07 22:00:36,117.98999786376953,N/A,,,,,,,,,,,,,,,,,,,,,,,,,
GFSA1,100,,2024-04-07 22:00:40,0.019999999552965164,N/A,,,,,,,,,,,,,,,,,,,,,,,,,
DDNB34,100,,2024-04-07 22:00:46,387.2699890136719,"112,26%",,,,,,,,,,,,,,,,,,,,,,,,,
UBSG34,100,,2024-04-07 22:00:51,157.9199981689453,"6,08%",,,,,,,,,,,,,,,,,,,,,,,,,
TXRX4,100,,2024-04-07 22:00:56,2.4000000953674316,"0,00%",,,,,,,,,,,,,,,,,,,,,,,,,
OUJP11,100,,2024-04-07 22:01:00,96.7300033569336,N/A,,,,,,,,,,,,,,,,,,,,,,,,,
BCIA11,100,,2024-04-07 22:01:04,107.30000305175781,N/A,,,,,,,,,,,,,,,,,,,,,,,,,
BOXP34,100,,2024-04-07 22:01:09,30.75,"273,80%",,,,,,,,,,,,,,,,,,,,,,,,,
GPRO34,100,,2024-04-07 22:01:16,10.380000114440918,"0,00%",,,,,,,,,,,,,,,,,,,,,,,,,
MSPA3,100,,2024-04-07 22:01:21,43.0,"3,74%",1.23,130.92,32.52,0.31,1.45,0.94,0.01,65.0,42.53,4.47,37.16,10.82,3.83,1.66,0.63,1.29,0.12,68.94,221.18,144.0,100.0,47.0,27.52,5.51,20.02
HFOF11,100,,2024-04-07 22:01:26,77.43000030517578,"424,71%",,,,,,,,,,,,,,,,,,,,,,,,,
RBRF11,100,,2024-04-07 22:01:31,8.279999732971191,"280,00%",,,,,,,,,,,,,,,,,,,,,,,,,
HAPV3,100,,2024-04-07 22:01:36,3.9700000286102295,"0,00%",0.1,6.51,40.49,0.61,1.09,1.51,0.01,2.809,25.81,2.7,10.26,2.46,12.82,1.23,0.17,1.2,0.36,53.09,9.97,11.526,4.522,1.988,3.63,0.09,2.49
GPIV33,100,,2024-04-07 22:02:05,3.799999952316284,"0,00%",,,,,,,,,,,,,,,,,,,,,,,,,
IRDM11,100,,2024-04-07 22:02:09,78.36000061035156,"237,27%",,,,,,,,,,,,,,,,,,,,,,,,,
FOFT11,100,,2024-04-07 22:02:13,123.0,N/A,,,,,,,,,,,,,,,,,,,,,,,,,
THRA11,100,,2024-04-07 22:02:18,138.5,N/A,,,,,,,,,,,,,,,,,,,,,,,,,
TAEE4,100,,2024-04-07 22:02:23,12.149999618530273,"90,07%",1.32,6.46,9.07,1.86,3.69,20.48,0.07,2.353,63.1,40.68,69.99,42.57,16.41,2.0,0.75,2.0,0.17,191.18,18.82,9.702,8.396,1.752,3.25,2.26,69.45
XPLG11,100,,2024-04-07 22:02:35,108.80000305175781,"81,38%",,,,,,,,,,,,,,,,,,,,,,,,,
RBRR11,100,,2024-04-07 22:02:46,94.88999938964844,N/A,,,,,,,,,,,,,,,,,,,,,,,,,
WPLZ11,100,,2024-04-07 22:02:52,63.38999938964844,N/A,,,,,,,,,,,,,,,,,,,,,,,,,
MGFF11,100,,2024-04-07 22:02:57,,N/A,,,,,,,,,,,,,,,,,,,,,,,,,
TGAR11,100,,2024-04-07 22:03:02,125.88999938964844,N/A,,,,,,,,,,,,,,,,,,,,,,,,,
HGRU11,100,,2024-04-07 22:03:07,135.5,"63,12%",,,,,,,,,,,,,,,,,,,,,,,,,
ALUP3,100,,2024-04-07 22:03:12,10.399999618530273,"78,08%",0.76,8.05,13.23,1.25,2.77,10.83,0.04,2.512,75.91,34.76,75.87,44.7,3.86,1.67,0.25,1.67,0.12,167.54,31.1,11.82,8.988,2.17,3.62,2.58,71.2
ALUP4,100,,2024-04-07 22:03:18,10.039999961853027,"78,08%",0.76,8.05,13.23,1.25,2.77,10.83,0.04,2.512,75.91,34.76,75.87,44.7,3.86,1.67,0.25,1.67,0.12,167.54,31.1,11.82,8.988,2.17,3.62,2.58,71.2
LOGG3,100,,2024-04-07 22:03:22,21.959999084472656,"47,68%",1.88,36.51,11.67,0.6,10.19,5.22,0.03,265.0,98.23,88.56,120.41,83.8,14.27,1.77,0.75,1.77,0.04,67.58,61.22,1.897,1.501,404.0,2.15,2.56,118.6
KNHY11,100,,2024-04-07 22:03:27,107.19999694824219,"94,27%",,,,,,,,,,,,,,,,,,,,,,,,,
FVPQ11,100,,2024-04-07 22:03:38,96.41999816894531,N/A,,,,,,,,,,,,,,,,,,,,,,,,,
CARE11,100,,2024-04-07 22:04:03,2.140000104904175,N/A,,,,,,,,,,,,,,,,,,,,,,,,,
TAEE3,100,,2024-04-07 22:04:09,12.010000228881836,"90,07%",1.32,6.46,9.07,1.86,3.69,20.48,0.07,2.353,63.1,40.68,69.99,42.57,16.41,2.0,0.75,2.0,0.17,191.18,18.82,9.702,8.396,1.752,3.25,2.26,69.45
XPIN11,100,,2024-04-07 22:04:13,80.94000244140625,N/A,,,,,,,,,,,,,,,,,,,,,,,,,
VSHO11,100,,2024-04-07 22:04:18,81.26000213623047,"78,29%",,,,,,,,,,,,,,,,,,,,,,,,,
AZEV3,100,,2024-04-07 22:04:30,1.5099999904632568,"0,00%",0.24,0.83,4.72,1.37,0.39,28.97,0.07,4.0,11.89,8.24,0.91,16.12,2.32,0.86,0.01,0.77,0.82,329.66,3.58,43.0,41.0,39.0,2.93,0.23,7.88
AHEB3,100,,2024-04-07 22:04:36,19.0,"0,00%",10.06,9.43,1.89,2.02,0.27,106.69,0.19,129.0,30.4,14.1,21.27,18.37,13.12,1.99,0.48,1.99,1.35,458.69,52.67,3.0,55.0,119.0,71.34,14.36,20.13
BALM3,100,,2024-04-07 22:04:41,12.0,"19,27%",0.94,14.72,10.64,0.68,0.58,7.99,0.05,24.0,60.04,6.47,13.22,10.47,4.14,3.08,0.22,2.06,0.73,68.33,25.5,22.0,33.0,119.0,17.34,2.2,10.7
BPAC3,100,,2024-04-07 22:04:47,16.950000762939453,"22,59%",0.86,4.29,19.65,3.95,4.24,20.1,0.02,,21.46,21.57,,25.73,94.56,1.01,,,0.1,,38.44,,,2.246,4.0,,
EALT3,100,,2024-04-07 22:04:57,9.880000114440918,"11,04%",2.19,10.83,4.51,0.91,0.45,20.25,0.09,75.0,23.76,9.95,15.27,11.03,4.12,1.1,0.07,0.7,0.88,130.2,24.92,127.0,112.0,20.0,22.02,2.45,11.11
ECPR3,100,,2024-04-07 22:05:02,90.25,N/A,9.12,74.23,9.87,1.21,,12.28,0.06,11.0,,,,,92.02,2.97,1.53,2.97,0.0,95.32,144.99,0.0,1.0,0.0,0.0,5.26,
HAGA3,100,,2024-04-07 22:05:07,2.569999933242798,"0,00%",0.21,4.53,12.31,0.57,1.06,4.61,0.04,2.0,25.19,8.64,8.05,14.9,5.43,2.13,0.0,1.98,0.47,214.52,5.18,,,28.0,2.42,0.09,3.8
LIPR3,100,,2024-04-07 22:05:20,50.380001068115234,"126,39%",1.63,18.46,30.98,2.73,,8.81,0.08,18.0,,,,,34.86,10.81,0.02,10.81,0.0,5.44,19.47,,,68.0,0.0,1.6,
PATI3,100,,2024-04-07 22:05:26,29.899999618530273,"86,27%",0.56,35.12,53.33,0.85,0.38,1.6,0.01,68.0,9.56,0.71,3.67,1.75,2.64,2.54,0.02,2.0,1.2,86.16,65.38,406.0,28.0,706.0,78.52,2.33,2.97
PEAB3,100,,2024-04-07 22:05:31,37.0,"29,30%",0.64,36.28,57.65,1.02,14.12,1.77,0.01,5.0,77.91,24.49,11.92,33.32,46.33,8.61,0.11,8.61,0.06,28.36,46.57,114.0,108.0,228.0,2.62,0.06,2.37
BPAC5,100,,2024-04-07 22:05:44,9.029999732971191,"22,59%",0.86,4.29,19.65,3.95,4.24,20.1,0.02,,21.46,21.57,,25.73,94.56,1.01,,,0.1,,38.44,,,2.246,4.0,,
BRGE11,100,,2024-04-07 22:05:49,13.180000305175781,"10,26%",0.4,17.98,32.41,0.72,267.24,2.61,0.02,16.0,,,448.69,,16.2,3.06,0.01,3.06,0.0,58.81,40.59,,,1.141,0.05,0.39,798.17
BRGE12,100,,2024-04-07 22:05:59,13.470000267028809,"0,00%",0.4,17.98,33.84,0.75,279.05,2.61,0.02,16.0,,,448.69,,16.92,3.06,0.01,3.06,0.0,58.81,40.59,,,1.141,0.05,0.39,798.17
BRGE6,100,,2024-04-07 22:06:04,12.920000076293945,"20,53%",0.4,17.98,32.46,0.72,267.65,2.61,0.02,16.0,,,448.69,,16.23,3.06,0.01,3.06,0.0,58.81,40.59,,,1.141,0.05,0.39,798.17
CORR4,100,,2024-04-07 22:06:23,82.0,"0,00%",223.9,48.59,0.37,1.69,0.1,152.84,0.44,8.0,100.0,,,,0.15,4.25,0.0,4.25,0.02,245.94,,,,9.0,851.6,256.08,
ENMT4,100,,2024-04-07 22:06:36,75.0,"60,05%",6.3,17.18,11.91,4.37,2.17,36.67,0.11,2.438,34.14,18.23,32.23,22.1,7.67,1.2,0.05,1.19,0.58,245.94,59.43,5.39,4.445,590.0,34.55,9.87,28.55
LUXM4,100,,2024-04-07 22:06:41,15.6899995803833,"33,72%",0.89,5.8,17.64,2.71,2.39,15.35,0.11,40.0,31.76,13.54,29.44,20.0,10.08,0.88,0.51,0.87,0.8,41.56,8.2,3.0,11.0,4.0,6.57,1.3,19.72
MERC4,100,,2024-04-07 22:06:54,6.900000095367432,"292,78%",0.15,13.41,44.89,0.51,2.95,1.15,0.01,,69.74,6.57,,4.74,,,,,0.15,,15.3,,,,2.34,,
RSUL4,100,,2024-04-07 22:06:59,81.48999786376953,"26,26%",8.91,31.14,9.14,2.62,1.45,28.62,0.15,93.0,43.12,15.85,27.27,24.18,6.73,2.39,0.08,1.55,0.95,89.14,58.91,6.0,63.0,108.0,56.23,14.27,25.37
PATC11,100,,2024-04-07 22:07:46,37.13999938964844,"290,30%",,,,,,,,,,,,,,,,,,,,,,,,,
BBDC3,100,,2024-04-07 22:07:51,12.890000343322754,"44,49%",1.42,15.15,10.22,0.96,0.84,9.38,0.01,,11.93,8.2,,2.62,,,,,0.12,,149.24,,,,17.33,,
VGIR11,100,,2024-04-07 22:07:56,9.949999809265137,N/A,,,,,,,,,,,,,,,,,,,,,,,,,
VILG11,100,,2024-04-07 22:08:01,96.6500015258789,"96,97%",,,,,,,,,,,,,,,,,,,,,,,,,
BTCR11,100,,2024-04-07 22:08:13,10.390000343322754,N/A,,,,,,,,,,,,,,,,,,,,,,,,,
VAMO3,100,,2024-04-07 22:08:18,8.0,"60,57%",0.53,4.29,15.05,1.87,1.45,12.4,0.03,2.668,45.3,9.65,43.84,8.37,3.29,1.75,0.03,1.26,0.29,339.44,18.84,11.717,9.422,2.545,5.51,1.89,34.24
MELI34,100,,2024-04-07 22:08:38,63.529998779296875,"0,00%",,,,,,,,,,,,,,,,,,,,,,,,,
MOAR3,100,,2024-04-07 22:08:43,396.0,"22,05%",71.75,123.67,5.52,3.2,,58.01,0.3,1.135,,,,,235.82,4.86,1.56,4.86,0.0,92.99,238.68,667.0,612.0,1.069,0.0,92.67,
RBVA11,100,,2024-04-07 22:08:48,112.2300033569336,"65,03%",,,,,,,,,,,,,,,,,,,,,,,,,
MRSA3B,100,,2024-04-07 22:08:53,28.0,"17,25%",3.55,18.89,7.84,1.47,1.46,18.79,0.07,3.429,46.4,18.61,53.17,27.56,2.6,1.38,1.01,1.3,0.36,182.89,53.45,6.875,3.487,1.284,19.08,7.45,39.04
VTLT11,100,,2024-04-07 22:08:58,97.33999633789062,N/A,,,,,,,,,,,,,,,,,,,,,,,,,
GTWR11,100,,2024-04-07 22:09:02,84.0199966430664,N/A,,,,,,,,,,,,,,,,,,,,,,,,,
DMAC11,100,,2024-04-07 22:09:26,13.0,"0,00%",,,,,,,,,,,,,,,,,,,,,,,,,
TFOF11,100,,2024-04-07 22:09:30,138.0,N/A,,,,,,,,,,,,,,,,,,,,,,,,,
HCTR11,100,,2024-04-07 22:09:35,34.779998779296875,"89,89%",,,,,,,,,,,,,,,,,,,,,,,,,
HSML11,100,,2024-04-07 22:09:46,98.05000305175781,"181,94%",,,,,,,,,,,,,,,,,,,,,,,,,
XPHT11,100,,2024-04-07 22:09:51,123.0,N/A,,,,,,,,,,,,,,,,,,,,,,,,,
HABT11,100,,2024-04-07 22:10:03,92.29000091552734,N/A,,,,,,,,,,,,,,,,,,,,,,,,,
RECT11,100,,2024-04-07 22:10:08,42.33000183105469,"9,70%",,,,,,,,,,,,,,,,,,,,,,,,,
AQLL11,100,,2024-04-07 22:10:13,385.0299987792969,N/A,,,,,,,,,,,,,,,,,,,,,,,,,
ARFI11B,100,,2024-04-07 22:10:17,1109.0,N/A,,,,,,,,,,,,,,,,,,,,,,,,,
BARI11,100,,2024-04-07 22:10:29,83.83000183105469,"156,12%",,,,,,,,,,,,,,,,,,,,,,,,,
BPRP11,100,,2024-04-07 22:10:44,107.48999786376953,N/A,,,,,,,,,,,,,,,,,,,,,,,,,
BVAR11,100,,2024-04-07 22:10:56,1552.72998046875,N/A,,,,,,,,,,,,,,,,,,,,,,,,,
DAMT11B,100,,2024-04-07 22:11:01,11.0,N/A,,,,,,,,,,,,,,,,,,,,,,,,,
ERPA11,100,,2024-04-07 22:11:20,133.85000610351562,N/A,,,,,,,,,,,,,,,,,,,,,,,,,
FISC11,100,,2024-04-07 22:11:31,74.98999786376953,"75,69%",,,,,,,,,,,,,,,,,,,,,,,,,
FPNG11,100,,2024-04-07 22:11:39,85.06999969482422,N/A,,,,,,,,,,,,,,,,,,,,,,,,,
FTCE11B,100,,2024-04-07 22:11:44,2893.39794921875,N/A,,,,,,,,,,,,,,,,,,,,,,,,,
HGFF11,100,,2024-04-07 22:12:02,88.9000015258789,N/A,,,,,,,,,,,,,,,,,,,,,,,,,
HUSC11,100,,2024-04-07 22:12:07,112.38999938964844,N/A,,,,,,,,,,,,,,,,,,,,,,,,,
JPPC11,100,,2024-04-07 22:12:12,175.0,N/A,,,,,,,,,,,,,,,,,,,,,,,,,
KINP11,100,,2024-04-07 22:12:16,,N/A,,,,,,,,,,,,,,,,,,,,,,,,,
LATR11B,100,,2024-04-07 22:12:21,,N/A,,,,,,,,,,,,,,,,,,,,,,,,,
NCHB11,100,,2024-04-07 22:12:26,9.600000381469727,N/A,,,,,,,,,,,,,,,,,,,,,,,,,
NPAR11,100,,2024-04-07 22:12:31,,N/A,,,,,,,,,,,,,,,,,,,,,,,,,
NVHO11,100,,2024-04-07 22:12:36,11.260000228881836,N/A,,,,,,,,,,,,,,,,,,,,,,,,,
ORPD11,100,,2024-04-07 22:12:47,,N/A,,,,,,,,,,,,,,,,,,,,,,,,,
OULG11B,100,,2024-04-07 22:12:52,28.579999923706055,N/A,,,,,,,,,,,,,,,,,,,,,,,,,
PRSN11B,100,,2024-04-07 22:13:03,1.4800000190734863,N/A,,,,,,,,,,,,,,,,,,,,,,,,,
RBCO11,100,,2024-04-07 22:13:14,44.0,N/A,,,,,,,,,,,,,,,,,,,,,,,,,
RBFF11,100,,2024-04-07 22:13:19,62.38999938964844,N/A,,,,,,,,,,,,,,,,,,,,,,,,,
RBRP11,100,,2024-04-07 22:13:24,60.06999969482422,N/A,,,,,,,,,,,,,,,,,,,,,,,,,
RBRY11,100,,2024-04-07 22:13:28,99.97000122070312,N/A,,,,,,,,,,,,,,,,,,,,,,,,,
RCFA11,100,,2024-04-07 22:13:33,1.3200000524520874,"0,00%",,,,,,,,,,,,,,,,,,,,,,,,,
RCRI11B,100,,2024-04-07 22:13:37,1200.0,"0,00%",,,,,,,,,,,,,,,,,,,,,,,,,
REIT11,100,,2024-04-07 22:13:51,,N/A,,,,,,,,,,,,,,,,,,,,,,,,,
SADI11,100,,2024-04-07 22:13:56,89.55000305175781,"100,49%",,,,,,,,,,,,,,,,,,,,,,,,,
SAIC11B,100,,2024-04-07 22:14:00,34.0,N/A,,,,,,,,,,,,,,,,,,,,,,,,,
SHDP11B,100,,2024-04-07 22:14:11,1210.050048828125,N/A,,,,,,,,,,,,,,,,,,,,,,,,,
SHOP11,100,,2024-04-07 22:14:15,59.290000915527344,"0,00%",,,,,,,,,,,,,,,,,,,,,,,,,
STRX11,100,,2024-04-07 22:14:26,,N/A,,,,,,,,,,,,,,,,,,,,,,,,,
TORM13,100,,2024-04-07 22:14:37,,N/A,,,,,,,,,,,,,,,,,,,,,,,,,
TOUR11,100,,2024-04-07 22:14:42,,N/A,,,,,,,,,,,,,,,,,,,,,,,,,
TSNC11,100,,2024-04-07 22:14:46,0.009999999776482582,N/A,,,,,,,,,,,,,,,,,,,,,,,,,
VERE11,100,,2024-04-07 22:14:50,257.0,N/A,,,,,,,,,,,,,,,,,,,,,,,,,
WTSP11B,100,,2024-04-07 22:15:08,36.0,"10,37%",,,,,,,,,,,,,,,,,,,,,,,,,
YCHY11,100,,2024-04-07 22:15:12,1000.0,N/A,,,,,,,,,,,,,,,,,,,,,,,,,
VIVA3,100,,2024-04-07 22:15:18,24.520000457763672,"23,22%",1.56,8.19,15.68,3.0,2.65,19.09,0.11,584.0,69.32,16.88,26.74,18.33,28.75,2.96,0.32,1.83,0.67,67.63,13.72,271.0,34.0,1.36,9.26,1.91,20.61
CEAB3,100,,2024-04-07 22:15:23,12.069999694824219,"0,00%",0.01,9.77,,1.23,0.55,0.08,0.0,1.135,52.42,0.03,16.9,0.51,3.87,1.39,0.36,1.11,0.71,212.6,30.55,1.687,340.0,1.241,21.8,1.28,5.87
BMGB4,100,,2024-04-07 22:15:36,3.430000066757202,"174,20%",0.35,6.73,9.77,0.51,0.27,5.21,0.0,,19.99,2.8,,1.74,10.48,0.72,,,0.16,,80.01,,,6.903,12.53,,
RBCO11,100,,2024-04-07 22:15:47,44.0,N/A,,,,,,,,,,,,,,,,,,,,,,,,,
IBFF11,100,,2024-04-07 22:15:52,66.4000015258789,N/A,,,,,,,,,,,,,,,,,,,,,,,,,
CVBI11,100,,2024-04-07 22:15:57,96.44999694824219,N/A,,,,,,,,,,,,,,,,,,,,,,,,,
HRDF11,100,,2024-04-07 22:16:01,3.819999933242798,N/A,,,,,,,,,,,,,,,,,,,,,,,,,
RSPD11,100,,2024-04-07 22:16:06,1022.5,N/A,,,,,,,,,,,,,,,,,,,,,,,,,
