Ticker,Quantidade,Setor,Data de atualização,Valor Atual,PAYOUT,LPA,VPA,P/L,P/VP,P/SR,ROE,ROA,EBITDA,Margem bruta,Margem líquida,Margem EBITDA,Margem operacional,P/CF,Liquidez corrente,Liquidez imediata,Liquidez seca,Giro do ativo,Endividamento geral,Ativo por ação,Dívida bruta,Dívida líquida,Capital de giro,Receita líquida por ação,EBIT por ação,Margem EBIT,Valor intrinseco Graham,Bazin
ABCB4,,,2025-04-25 17:42:55,21.37,31.57%,3.97,26.11,5.26,0.8,,15.21,0.01,,15.68,9.6,,11.55,,,,,0.14,,293.09,,,,41.37,,,35.27,17.9
AGRO3,,,2025-04-25 17:43:05,21.56,55.78%,2.73,21.45,8.03,1.02,,12.74,0.07,452.0,39.35,22.21,35.79,18.09,,1.69,0.04,1.41,0.32,78.85,38.37,1.249,1.201,448.0,12.3,3.52,28.63,26.51,21.75
RAIL3,,,2025-04-25 17:43:18,19.68,12.07%,0.52,7.94,38.54,2.51,,6.36,0.02,4.732,45.94,6.81,33.96,1.07,,1.63,1.12,1.59,0.28,238.75,27.28,19.123,11.661,4.203,7.51,1.31,17.43,7.04,0.9
ALPA3,,,2025-04-25 17:43:28,7.19,0.00%,0.16,5.91,44.47,1.19,,2.66,0.02,254.0,43.15,2.61,6.19,1.55,,2.56,1.1,2.04,0.6,69.45,10.01,1.423,65.0,2.109,6.01,0.07,1.25,3.37,0.0
ALPA4,,,2025-04-25 17:43:41,7.39,0.00%,0.16,5.91,46.43,1.24,,2.66,0.02,254.0,43.15,2.61,6.19,1.55,,2.56,1.1,2.04,0.6,69.45,10.01,1.423,65.0,2.109,6.01,0.07,1.25,3.37,0.0
ALSO3,,,2025-04-25 17:44:03,0.0,0,,,,,,,,,,,,,,,,,,,,,,,,,,0.0,0.0
AMAR3,,,2025-04-25 17:44:16,1.41,0.00%,0.61,0.55,2.31,2.56,,110.95,0.17,5.0,49.1,22.68,0.34,17.62,,0.65,0.1,0.36,0.73,569.08,3.71,639.0,547.0,309.0,2.71,0.08,3.13,2.01,0.0
ABEV3,,,2025-04-25 17:44:28,14.09,73.13%,0.92,6.26,15.45,2.26,,14.91,0.09,28.932,51.24,16.6,32.34,21.79,,1.1,0.58,0.86,0.55,63.19,10.31,3.452,26.385,4.767,5.68,1.38,24.38,8.31,9.61
ADHM3,,,2025-04-25 17:44:41,0.0,0,,,,,,,,,,,,,,,,,,,,,,,,,,0.0,0.0
ARZZ3,,,2025-04-25 17:44:56,0.0,0,,,,,,,,,,,,,,,,,,,,,,,,,,0.0,0.0
BBAS3,,,2025-04-25 17:45:09,28.01,46.09%,6.15,31.56,4.5,0.88,,19.49,0.01,,20.21,12.67,,13.63,,,,,0.12,,417.99,,,,48.57,,,48.26,40.49
BBDC3,,,2025-04-25 17:45:21,11.97,49.22%,1.8,15.15,6.61,0.79,,11.89,0.01,,14.89,9.26,,6.43,,,,,0.12,,159.89,,,,19.45,,,18.09,12.66
BBDC4,,,2025-04-25 17:45:30,13.38,54.15%,1.8,15.15,7.41,0.88,,11.89,0.01,,14.89,9.26,,6.43,,,,,0.12,,159.89,,,,19.45,,,18.09,13.92
BBRK3,,,2025-04-25 17:45:43,0.0,0,,,,,,,,,,,,,,,,,,,,,,,,,,0.0,0.0
BEEF3,,,2025-04-25 17:45:53,7.83,0.00%,2.57,0.79,2.92,9.52,,,0.04,3.096,20.56,4.59,9.09,4.42,,1.48,0.46,1.23,0.81,,69.39,30.082,15.621,7.883,56.1,4.0,7.13,4.94,0.0
BPHA3,,,2025-04-25 17:46:04,0.0,0,,,,,,,,,,,,,,,,,,,,,,,,,,0.0,0.0
BPAN4,,,2025-04-25 17:46:16,7.54,38.95%,0.61,6.64,12.38,1.13,,9.16,0.01,,46.32,4.71,,5.05,,1.1,,,0.25,,52.51,,,2.462,12.92,,,6.97,3.39
BRAP3,,,2025-04-25 17:46:26,16.67,47.11%,3.03,21.58,5.6,0.79,,14.05,0.14,,,,,,,2.97,2.37,2.97,0.0,1.46,21.9,,,239.0,0.0,2.89,,28.01,20.39
BRAP4,,,2025-04-25 17:46:39,17.59,51.82%,3.03,21.58,5.91,0.83,,14.05,0.14,,,,,,,2.97,2.37,2.97,0.0,1.46,21.9,,,239.0,0.0,2.89,,28.01,22.43
BRFS3,,,2025-04-25 17:46:51,22.9,36.30%,1.91,8.97,11.52,2.45,,22.38,0.06,8.846,25.8,6.01,14.41,8.23,,1.48,0.54,1.16,0.98,279.87,37.25,20.74,8.681,10.009,36.48,4.07,11.14,14.34,9.9
APER3,,,2025-04-25 17:47:07,0.0,0,,,,,,6.22,0.03,45.0,100.0,8.24,12.75,9.43,,1.03,0.03,1.03,0.38,99.04,,188.0,64.0,8.0,,,6.6,0.0,0.0
BRKM3,,,2025-04-25 17:47:20,11.36,0.00%,14.2,6.0,0.8,1.9,,281.72,0.12,3.871,7.75,15.57,5.0,22.91,,1.31,0.53,0.83,0.76,,127.41,53.232,36.46,8.765,97.1,1.35,1.39,31.97,0.0
BRKM5,,,2025-04-25 17:47:33,11.29,0.00%,14.2,6.0,0.82,1.94,,281.72,0.12,3.871,7.75,15.57,5.0,22.91,,1.31,0.53,0.83,0.76,,127.41,53.232,36.46,8.765,97.1,1.35,1.39,31.97,0.0
BRML3,,,2025-04-25 17:47:47,0.0,0,,,,,,5.5,0.03,1.072,89.14,43.15,68.3,46.71,,1.0,0.01,1.0,0.08,66.47,,3.565,2.42,3.0,,,62.18,0.0,0.0
BRPR3,,,2025-04-25 17:47:59,0.0,0,,,,,,9.55,0.07,297.0,100.0,123.98,338.97,192.73,,1.12,0.57,1.12,0.06,39.17,,82.0,80.0,35.0,,,336.36,0.0,0.0
BRSR6,,,2025-04-25 17:48:10,11.25,28.62%,2.24,25.45,4.93,0.43,,8.8,0.01,,35.76,5.32,,6.38,,,,,0.12,,359.31,,,,42.1,,,26.16,9.16
OIBR3,,,2025-04-25 17:48:19,0.6,0.00%,29.11,49.43,0.02,0.01,,59.01,0.49,1.169,45.74,302.16,36.74,321.47,,1.0,0.19,0.98,0.16,221.33,59.86,11.954,10.201,30.0,9.63,5.93,61.51,131.4,0.0
OIBR4,,,2025-04-25 17:48:33,7.3,0.00%,29.11,49.43,0.27,0.16,,59.01,0.49,1.169,45.74,302.16,36.74,321.47,,1.0,0.19,0.98,0.16,221.33,59.86,11.954,10.201,30.0,9.63,5.93,61.51,131.4,0.0
BTOW3,,,2025-04-25 17:48:49,0.0,0,,,,,,,,,,,,,,,,,,,,,,,,,,0.0,0.0
B3SA3,,,2025-04-25 17:48:58,13.39,43.76%,0.87,3.49,15.27,3.8,,24.9,0.1,6.617,89.98,43.29,62.59,57.92,,1.66,0.18,1.66,0.23,146.03,8.59,13.228,72.0,6.027,2.01,1.15,57.18,6.04,5.44
CAMB4,,,2025-04-25 17:49:14,0.0,0,,,,,,,,,,,,,,,,,,,,,,,,,,0.0,0.0
CARD3,,,2025-04-25 17:49:29,0.0,0,,,,,,,,,,,,,,,,,,,,,,,,,,0.0,0.0
CCPR3,,,2025-04-25 17:49:44,0.0,0,,,,,,,,,,,,,,,,,,,,,,,,,,0.0,0.0
CCRO3,,,2025-04-25 17:49:54,13.2,56.93%,0.62,6.74,21.14,1.94,,9.37,0.02,7.004,33.68,6.02,32.16,10.73,,1.7,0.68,1.62,0.37,322.06,29.26,33.878,27.169,4.309,10.78,2.69,24.92,7.08,5.04
CEDO4,,,2025-04-25 17:50:06,20.98,0.00%,11.05,30.9,1.9,0.68,,35.61,0.12,188.0,29.63,10.67,18.18,7.92,,1.24,0.02,0.62,1.1,203.95,94.41,380.0,364.0,73.0,103.68,16.52,15.94,64.01,0.0
CEED3,,,2025-04-25 17:50:16,0.0,0.00%,6.43,53.01,1.71,0.21,,12.13,0.05,442.0,19.67,8.22,8.29,9.14,,1.15,0.04,1.14,0.65,326.98,120.32,5.705,4.819,329.0,78.24,4.17,5.33,63.96,0.0
CESP6,,,2025-04-25 17:50:31,0.0,0,,,,,,13.58,0.07,2.392,30.27,73.33,162.75,112.53,,3.12,2.62,3.12,0.1,82.56,,4.019,2.164,1.502,,,133.96,0.0,0.0
CGAS5,,,2025-04-25 17:50:40,129.99,167.51%,13.53,8.56,9.41,14.87,,158.08,0.12,,21.51,11.61,,17.06,,1.44,0.6,1.4,0.99,,117.65,9.789,7.6,1.602,116.53,23.19,19.9,37.28,323.77
CGRA4,,,2025-04-25 17:50:52,26.65,53.54%,5.02,45.69,5.36,0.59,,10.98,0.08,109.0,52.84,14.36,15.01,16.69,,2.47,0.81,1.91,0.54,42.02,64.88,,,374.0,34.93,3.9,11.16,52.46,38.4
CIEL3,,,2025-04-25 17:51:06,0.0,0,,,,,,14.79,0.02,2.896,42.81,17.19,28.13,22.46,,1.06,0.01,1.06,0.09,841.15,,7.604,6.243,5.992,,,19.49,0.0,0.0
CMIG3,,,2025-04-25 17:51:17,15.16,51.78%,2.49,9.57,5.99,1.56,,26.0,0.12,11.253,20.48,17.88,28.26,23.5,,0.86,0.13,0.86,0.67,118.12,20.87,12.279,10.023,1.914,13.91,3.45,24.81,16.91,18.42
CMIG4,,,2025-04-25 17:51:31,10.93,60.95%,2.49,9.57,4.28,1.11,,26.0,0.12,11.253,20.48,17.88,28.26,23.5,,0.86,0.13,0.86,0.67,118.12,20.87,12.279,10.023,1.914,13.91,3.45,24.81,16.91,21.68
COCE5,,,2025-04-25 17:51:41,25.7,26.81%,5.97,66.02,4.3,0.39,,9.05,0.03,1.879,19.01,5.51,22.26,5.87,,0.54,0.04,0.54,0.59,180.31,185.05,5.447,5.232,2.593,108.43,15.84,14.61,68.77,22.87
CPFE3,,,2025-04-25 17:51:52,39.04,58.10%,4.74,17.99,8.22,2.16,,26.44,0.07,13.133,31.83,13.52,30.81,18.98,,0.95,0.11,0.94,0.55,253.88,66.94,28.788,25.241,819.0,37.0,9.4,25.41,31.99,39.34
CPLE3,,,2025-04-25 17:52:03,10.25,26.30%,0.94,8.61,11.2,1.23,,10.92,0.05,5.529,21.59,12.36,24.41,12.83,,1.26,0.4,1.25,0.39,123.83,19.24,17.246,13.083,2.699,7.59,1.36,17.94,9.85,3.53
CPLE6,,,2025-04-25 17:52:14,11.28,28.93%,0.94,8.61,12.35,1.35,,10.92,0.05,5.529,21.59,12.36,24.41,12.83,,1.26,0.4,1.25,0.39,123.83,19.24,17.246,13.083,2.699,7.59,1.36,17.94,9.85,3.88
CRDE3,,,2025-04-25 17:52:33,0.0,0,,,,,,,,,,,,,,,,,,,,,,,,,,0.0,0.0
CSAN3,,,2025-04-25 17:52:43,7.71,37.83%,5.05,5.84,1.55,1.34,,20.72,0.06,7.373,31.2,18.57,16.78,11.93,,1.72,0.94,1.6,0.31,258.56,75.68,72.965,56.061,12.861,23.55,1.88,7.97,18.81,27.29
CSMG3,,,2025-04-25 17:52:55,21.24,67.82%,3.46,21.17,6.05,0.99,,16.36,0.08,2.795,42.82,16.72,35.49,21.24,,1.44,0.38,1.38,0.51,92.74,40.79,6.113,5.293,733.0,20.72,5.25,25.32,29.65,33.52
CSNA3,,,2025-04-25 17:53:06,9.39,"9,532.45%",1.95,9.25,4.79,1.01,,9.95,0.01,8.061,26.77,3.52,18.45,3.53,,1.58,0.93,1.17,0.42,572.14,78.36,56.914,32.693,14.669,32.94,3.22,9.77,14.71,0.0
LIQO3,,,2025-04-25 17:53:21,0.0,0,,,,,,,,,,,,,,,,,,,,,,,,,,0.0,0.0
CTNM4,,,2025-04-25 17:53:33,0.0,0.00%,15.47,7.84,0.06,0.11,,186.32,0.26,294.0,2.07,70.52,24.44,68.77,,0.49,0.08,0.3,0.36,624.99,107.68,1.305,1.095,1.014,39.24,13.05,33.25,38.15,0.0
CYRE3,,,2025-04-25 17:53:46,25.53,13.27%,5.71,23.16,4.72,1.16,,19.31,0.09,,32.39,24.12,,26.44,,3.27,0.14,1.99,0.38,113.49,55.31,5.974,2.921,8.412,20.74,5.19,25.02,39.84,10.82
DASA3,,,2025-04-25 17:53:56,1.78,0.00%,0.96,6.32,1.88,0.28,,15.07,0.05,2.46,27.37,7.81,16.06,6.97,,1.55,0.33,1.46,0.58,233.41,21.08,10.397,8.501,2.904,12.21,0.87,7.14,8.53,0.0
DIRR3,,,2025-04-25 17:54:09,35.87,91.23%,3.68,11.62,9.93,3.14,,32.72,0.07,825.0,36.39,21.73,24.64,23.66,,3.03,0.53,1.94,0.33,352.72,58.03,1.633,18.0,3.063,19.3,4.35,22.55,22.65,47.96
DTEX3,,,2025-04-25 17:54:24,0.0,0,,,,,,,,,,,,,,,,,,,,,,,,,,0.0,0.0
ECOR3,,,2025-04-25 17:54:41,6.9,14.96%,1.3,4.92,5.35,1.41,,24.75,0.03,4.507,39.59,9.25,45.65,17.42,,0.67,0.33,0.67,0.34,693.81,42.07,20.034,16.166,2.329,14.18,5.06,35.68,8.76,2.78
EEEL3,,,2025-04-25 17:55:00,0.0,0,,,,,,18.29,0.07,998.0,54.78,25.07,48.34,33.8,,1.32,0.16,1.26,0.26,176.09,,3.363,3.043,363.0,,,48.1,0.0,0.0
ELEK4,,,2025-04-25 17:55:18,0.0,0,,,,,,,,,,,,,,,,,,,,,,,,,,0.0,0.0
ELET3,,,2025-04-25 17:55:31,43.43,28.15%,4.5,52.82,9.77,0.83,,8.51,0.04,26.236,44.89,25.83,65.3,26.43,,2.04,0.86,2.02,0.14,137.6,125.64,75.803,39.77,32.82,17.42,9.64,55.37,53.41,18.1
ELET6,,,2025-04-25 17:55:44,47.19,81.03%,4.5,52.82,10.54,0.9,,8.51,0.04,26.236,44.89,25.83,65.3,26.43,,2.04,0.86,2.02,0.14,137.6,125.64,75.803,39.77,32.82,17.42,9.64,55.37,53.41,52.09
EMBR3,,,2025-04-25 17:55:55,63.52,0.00%,2.59,25.72,24.39,2.46,,9.29,0.03,,18.02,5.43,,8.78,,1.47,0.35,0.81,0.48,253.53,98.88,15.425,1.785,12.979,47.84,5.09,10.65,28.27,0.0
ENBR3,,,2025-04-25 17:56:12,0.0,0,,,,,,19.49,0.06,5.082,27.35,14.15,29.13,17.65,,1.48,0.33,1.45,0.45,204.73,,13.133,8.913,6.131,,,24.78,0.0,0.0
ENGI4,,,2025-04-25 17:56:25,8.13,12.06%,1.66,7.55,4.93,1.08,,20.94,0.06,7.968,25.4,13.75,23.64,12.98,,1.23,0.06,1.22,0.44,248.56,33.71,35.117,26.556,3.362,14.73,2.67,18.12,12.26,2.86
EQTL3,,,2025-04-25 17:56:36,35.95,19.84%,2.24,20.83,15.81,1.7,,12.61,0.03,,28.78,8.31,,8.59,,1.46,0.17,1.45,0.39,289.5,92.84,55.827,42.789,8.922,36.18,6.89,19.04,23.66,6.35
YDUQ3,,,2025-04-25 17:56:49,14.16,0.00%,1.25,11.4,11.86,1.3,,10.87,0.03,1.742,61.01,6.38,32.55,5.65,,1.75,0.47,1.75,0.54,216.62,36.26,5.605,4.559,1.08,19.53,3.35,17.14,13.08,0.0
ETER3,,,2025-04-25 17:56:58,4.68,40.07%,0.63,13.05,7.44,0.36,,4.82,0.03,88.0,21.33,3.34,7.58,1.52,,1.86,0.06,1.18,0.89,62.08,21.15,126.0,110.0,248.0,18.81,0.6,3.17,9.93,3.61
EUCA4,,,2025-04-25 17:57:10,12.5,34.22%,2.14,27.76,5.98,0.46,,7.7,0.04,490.0,32.97,6.93,17.17,7.95,,1.71,0.26,1.06,0.63,77.74,49.33,805.0,559.0,689.0,30.86,4.03,13.06,26.7,10.46
EVEN3,,,2025-04-25 17:57:19,5.81,230.08%,0.21,9.0,28.74,0.67,,6.36,0.03,109.0,26.78,6.1,5.06,7.47,,4.32,0.02,1.78,0.42,150.31,25.89,1.176,412.0,3.274,10.79,0.53,4.87,4.76,6.9
EZTC3,,,2025-04-25 17:57:31,14.11,58.40%,1.83,21.74,8.16,0.69,,8.78,0.07,359.0,34.14,27.47,23.02,29.89,,6.84,0.19,3.24,0.24,32.43,29.26,1.136,365.0,2.233,7.06,1.51,21.43,21.85,15.27
FESA4,,,2025-04-25 17:57:44,7.26,81.71%,0.93,9.46,7.9,0.78,,9.81,0.07,366.0,21.07,14.65,16.4,14.3,,2.68,0.71,1.82,0.51,31.34,12.42,420.0,427.0,1.093,6.33,0.49,7.69,10.27,10.86
FHER3,,,2025-04-25 17:57:57,3.65,0.00%,21.44,21.3,0.17,0.17,,100.66,0.37,191.0,2.86,25.06,4.14,22.19,,0.79,0.03,0.27,1.48,371.6,57.85,,,586.0,85.57,4.69,5.49,74.03,0.0
TASA4,,,2025-04-25 17:58:07,8.92,50.04%,0.6,10.22,14.55,0.86,,5.92,0.03,252.0,34.82,4.58,15.1,4.72,,1.53,0.11,0.76,0.64,103.08,20.76,747.0,457.0,534.0,13.21,1.65,12.49,8.58,4.29
FLRY3,,,2025-04-25 17:58:17,12.98,61.84%,1.13,9.67,11.54,1.34,,11.23,0.05,1.977,27.89,7.86,25.74,10.23,,2.51,0.01,2.42,0.59,143.03,23.87,5.391,3.049,2.632,14.04,2.19,15.59,11.45,9.98
FRIO3,,,2025-04-25 17:58:27,289.99,0.00%,2.56,54.63,114.44,5.36,,5.2,0.01,225.0,17.03,1.03,10.32,0.16,,1.21,0.15,0.89,1.11,355.84,315.0,855.0,618.0,242.0,348.23,24.82,7.13,40.97,0.0
TIET3,,,2025-04-25 17:58:44,0.0,0,,,,,,37.9,0.11,1.886,70.03,49.91,81.59,39.24,,1.0,0.03,1.0,0.21,258.62,,5.932,5.202,4.0,,,61.76,0.0,0.0
TIET4,,,2025-04-25 17:58:59,0.0,0,,,,,,37.9,0.11,1.886,70.03,49.91,81.59,39.24,,1.0,0.03,1.0,0.21,258.62,,5.932,5.202,4.0,,,61.76,0.0,0.0
GFSA3,,,2025-04-25 17:59:12,1.56,0.00%,0.3,14.5,5.54,0.12,,2.09,0.01,46.0,5.37,4.02,4.5,0.47,,1.5,0.0,0.82,0.19,171.64,39.4,1.883,1.636,1.072,7.52,0.44,5.88,7.22,0.0
GGBR3,,,2025-04-25 17:59:25,14.99,35.93%,2.22,28.23,6.65,0.52,,7.91,0.05,10.613,13.73,6.86,15.83,8.15,,3.01,0.72,1.49,0.77,49.23,42.29,13.636,5.359,21.818,32.65,3.65,11.17,27.42,11.39
GGBR4,,,2025-04-25 17:59:34,15.33,35.93%,2.22,28.23,6.91,0.54,,7.91,0.05,10.613,13.73,6.86,15.83,8.15,,3.01,0.72,1.49,0.77,49.23,42.29,13.636,5.359,21.818,32.65,3.65,11.17,27.42,11.39
GOAU3,,,2025-04-25 17:59:45,8.67,30.00%,1.55,20.04,5.68,0.44,,7.91,0.05,10.6,13.73,6.88,15.82,8.17,,3.01,0.72,1.49,0.77,49.26,86.97,13.636,5.265,21.897,67.05,7.48,11.15,19.31,6.64
GOAU4,,,2025-04-25 17:59:55,8.59,30.00%,1.55,20.04,5.58,0.43,,7.91,0.05,10.6,13.73,6.88,15.82,8.17,,3.01,0.72,1.49,0.77,49.26,86.97,13.636,5.265,21.897,67.05,7.48,11.15,19.31,6.64
GOLL4,,,2025-04-25 18:00:04,1.33,0.00%,,,,,,20.86,0.25,1.694,30.03,31.72,8.86,38.96,,0.27,0.08,0.26,0.8,182.45,,22.624,20.289,19.192,,,1.03,0.0,0.0
GRND3,,,2025-04-25 18:00:14,5.36,50.24%,0.81,4.48,6.6,1.2,,18.19,0.16,641.0,47.21,27.97,24.42,30.92,,7.1,0.18,5.92,0.58,11.36,4.99,88.0,1.075,2.613,2.91,0.62,21.21,6.6,5.81
GSHP3,,,2025-04-25 18:00:26,6.0,0.00%,422.69,795.28,0.01,0.01,,53.15,0.67,98.0,67.4,451.69,54.1,446.46,,1.13,0.75,1.13,0.15,179.52,632.4,2.403,2.258,24.0,93.58,51.73,55.28,2008.45,0.0
HBOR3,,,2025-04-25 18:00:39,2.14,21.37%,0.42,10.85,5.09,0.2,,6.01,0.02,270.0,33.55,12.83,21.31,15.13,,1.52,0.12,0.84,0.19,147.03,50.04,1.991,1.51,1.005,9.49,1.79,18.89,7.39,1.28
HGTX3,,,2025-04-25 18:00:57,0.0,0,,,,,,8.28,0.06,96.0,40.58,9.67,6.56,0.7,,2.47,0.27,1.46,0.59,44.16,,202.0,51.0,812.0,,,0.59,0.0,0.0
PRIO3,,,2025-04-25 18:01:09,34.88,0.00%,11.49,28.92,3.0,1.19,,39.74,0.18,9.439,50.66,71.73,65.73,44.3,,2.16,1.08,1.83,0.26,115.04,62.19,22.433,18.44,4.264,16.02,7.75,48.36,63.15,0.0
HYPE3,,,2025-04-25 18:01:19,24.03,50.84%,2.12,19.1,11.15,1.24,,11.0,0.05,2.101,58.86,17.88,28.23,13.16,,1.7,0.44,1.2,0.3,102.94,38.77,9.38,7.64,2.741,11.75,2.87,24.45,22.04,15.4
IDNT3,,,2025-04-25 18:01:33,0.0,0,,,,,,,,,,,,,,,,,,,,,,,,,,0.0,0.0
IDVL4,,,2025-04-25 18:01:46,0.0,0,,,,,,,,,,,,,,,,,,,,,,,,,,0.0,0.0
IGTA3,,,2025-04-25 18:02:02,0.0,0,,,,,,,,,,,,,,,,,,,,,,,,,,0.0,0.0
MEAL3,,,2025-04-25 18:02:12,1.31,0.00%,0.27,3.63,4.96,0.36,,7.33,0.03,174.0,32.81,3.43,7.82,3.96,,0.78,0.35,0.68,0.8,168.59,9.76,579.0,361.0,139.0,7.76,0.11,1.36,3.43,0.0
INEP3,,,2025-04-25 18:02:23,1.84,0.00%,5.25,32.69,0.35,0.06,,16.35,0.25,83.0,48.0,,,,,0.08,0.0,0.07,0.0,164.4,21.05,927.0,927.0,1.159,0.1,2.0,,45.38,0.0
INEP4,,,2025-04-25 18:02:33,1.44,0.00%,5.25,32.69,0.29,0.05,,16.35,0.25,83.0,48.0,,,,,0.08,0.0,0.07,0.0,164.4,21.05,927.0,927.0,1.159,0.1,2.0,,45.38,0.0
ITSA3,,,2025-04-25 18:02:43,10.57,25.72%,1.36,8.34,7.76,1.27,,15.67,0.13,17.619,29.78,180.78,213.95,182.45,,2.17,0.84,1.88,0.07,20.66,10.57,11.112,4.15,6.743,0.76,1.51,199.0,11.67,5.0
ITSA4,,,2025-04-25 18:02:56,10.57,25.73%,1.36,8.34,7.75,1.27,,15.67,0.13,17.619,29.78,180.78,213.95,182.45,,2.17,0.84,1.88,0.07,20.66,10.57,11.112,4.15,6.743,0.76,1.51,199.0,11.67,5.0
ITUB3,,,2025-04-25 18:03:07,30.26,63.75%,3.46,18.74,8.78,1.62,,18.46,0.08,,31.43,181.19,,163.26,,1.43,,,0.04,,42.44,,,51.163,1.91,,,27.89,31.51
ITUB4,,,2025-04-25 18:03:21,34.62,63.75%,3.46,18.74,10.04,1.85,,18.46,0.08,,31.43,181.19,,163.26,,1.43,,,0.04,,42.44,,,51.163,1.91,,,27.89,31.51
JBSS3,,,2025-04-25 18:03:33,47.87,65.17%,4.34,20.19,10.78,2.31,,21.25,0.04,35.589,15.06,2.57,8.54,3.55,,1.47,0.48,1.04,1.66,400.17,113.58,119.677,84.07,33.834,187.98,10.72,5.7,32.43,40.41
JFEN3,,,2025-04-25 18:03:46,2.24,0.00%,18.1,0.12,0.12,17.93,,235.21,0.26,153.0,24.3,134.38,91.42,138.94,,1.83,0.02,0.49,0.19,999.18,69.64,264.0,256.0,355.0,13.56,13.79,101.76,5.11,0.0
JHSF3,,,2025-04-25 18:03:59,5.06,29.46%,1.25,7.95,4.06,0.64,,14.76,0.06,1.297,57.11,53.58,80.69,61.91,,1.75,0.47,1.08,0.12,127.77,19.51,4.49,2.962,1.798,2.36,1.8,76.11,10.92,5.26
JSLG3,,,2025-04-25 18:04:12,6.81,57.71%,0.72,6.18,9.56,1.12,,11.71,0.02,1.819,17.16,2.29,20.09,2.96,,1.54,0.15,1.5,0.73,604.95,43.57,8.106,6.081,1.61,31.62,4.23,13.37,7.31,5.94
KEPL3,,,2025-04-25 18:04:25,7.99,51.31%,1.11,4.12,7.06,1.9,,26.89,0.12,328.0,29.94,12.39,20.45,17.9,,1.98,0.72,1.43,1.01,115.18,8.87,329.0,93.0,528.0,8.94,1.61,17.99,7.41,8.14
KLBN4,,,2025-04-25 18:04:34,3.71,88.25%,0.3,1.08,12.49,3.44,,23.7,0.03,6.616,37.52,10.42,33.68,11.55,,1.93,0.94,1.48,0.33,587.62,9.61,39.704,32.174,6.655,3.18,0.73,22.89,1.97,3.78
LAME3,,,2025-04-25 18:04:52,0.0,0,,,,,,4.04,0.01,661.0,32.9,2.51,2.55,1.8,,1.72,0.3,1.31,0.59,172.22,,16.521,6.61,10.36,,,4.35,0.0,0.0
LAME4,,,2025-04-25 18:05:09,0.0,0,,,,,,4.04,0.01,661.0,32.9,2.51,2.55,1.8,,1.72,0.3,1.31,0.59,172.22,,16.521,6.61,10.36,,,4.35,0.0,0.0
LEVE3,,,2025-04-25 18:05:22,30.79,63.35%,3.99,5.67,7.72,5.44,,70.23,0.15,974.0,28.5,11.87,21.39,15.34,,1.38,0.19,0.86,1.27,366.3,26.51,1.068,710.0,596.0,33.63,6.42,19.09,16.48,36.11
LIGT3,,,2025-04-25 18:05:32,5.15,0.00%,4.41,14.01,1.17,0.37,,31.5,0.06,2.07,15.65,11.05,13.92,11.73,,1.42,0.04,1.41,0.59,385.65,68.03,9.505,6.416,2.124,39.93,3.16,7.91,27.23,0.0
LLIS3,,,2025-04-25 18:05:50,0.0,0,,,,,,,,,,,,,,,,,,,,,,,,,,0.0,0.0
LOGN3,,,2025-04-25 18:06:00,22.25,0.00%,0.5,9.03,44.58,2.47,,5.54,0.01,630.0,15.89,1.92,22.53,2.96,,1.12,0.33,1.04,0.73,293.54,35.53,1.689,1.391,104.0,26.05,3.28,12.57,7.36,0.0
LPSB3,,,2025-04-25 18:06:10,1.4,30.01%,0.13,1.54,10.71,0.88,,15.45,0.08,64.0,83.67,17.95,33.6,24.13,,1.55,0.67,1.55,0.47,83.26,2.77,,,42.0,1.3,0.31,23.5,1.55,0.56
LREN3,,,2025-04-25 18:06:24,13.84,53.14%,1.13,10.17,12.09,1.34,,11.11,0.06,2.503,60.56,8.29,17.34,9.15,,1.61,0.25,1.36,0.71,89.03,19.22,945.0,1.826,4.669,13.62,1.19,8.72,11.74,8.58
LUPA3,,,2025-04-25 18:06:35,1.29,0.00%,0.75,3.28,1.71,0.39,,22.96,0.06,32.0,21.42,25.8,26.0,34.85,,1.39,0.03,1.15,0.24,267.68,12.07,179.0,176.0,44.0,2.92,0.63,21.54,5.43,0.0
MDIA3,,,2025-04-25 18:06:46,24.83,12.60%,1.91,23.59,13.25,1.07,,8.08,0.05,1.198,34.42,6.68,12.4,8.52,,2.2,0.79,1.58,0.76,59.65,37.67,2.389,219.0,3.266,28.5,2.45,8.58,23.25,3.44
MGEL4,,,2025-04-25 18:06:57,6.2,0.00%,7.19,0.1,0.86,64.63,,,0.06,84.0,11.97,4.39,8.93,6.85,,1.64,0.06,1.0,1.28,,127.88,633.0,577.0,126.0,163.93,10.94,6.67,2.94,0.0
MGLU3,,,2025-04-25 18:07:07,10.45,0.00%,0.61,15.32,17.41,0.69,,3.96,0.01,2.895,30.57,1.18,7.61,0.23,,1.17,0.11,0.71,1.02,229.63,50.49,4.582,2.417,2.84,51.47,2.11,4.11,10.59,0.0
MILS3,,,2025-04-25 18:07:17,9.93,52.46%,1.22,6.17,8.24,1.62,,19.69,0.07,741.0,62.06,18.1,47.07,24.51,,2.23,0.83,2.06,0.41,167.21,16.52,1.895,1.102,804.0,6.73,2.17,32.25,9.5,9.14
MMXM3,,,2025-04-25 18:07:37,0.0,0,6.46,129.88,2.17,0.11,,4.97,0.33,1.0,,,,,,0.01,0.0,0.01,0.0,115.16,19.73,,,881.0,0.0,0.08,,100.34,0.0
ENEV3,,,2025-04-25 18:07:48,13.27,0.00%,0.02,9.78,612.72,1.36,,2.72,0.01,3.901,34.72,4.83,34.26,11.85,,1.47,0.55,1.33,0.22,161.05,27.31,17.386,13.52,2.734,5.89,1.14,19.42,1.53,0.0
MRFG3,,,2025-04-25 18:08:00,22.85,149.67%,3.26,3.29,6.47,6.4,,19.46,0.03,13.134,13.23,2.61,8.82,0.27,,1.28,0.11,1.01,1.08,589.68,160.28,66.019,43.224,11.968,173.51,6.92,3.99,11.34,69.7
MRVE3,,,2025-04-25 18:08:12,6.11,0.00%,0.89,11.43,6.93,0.54,,6.45,0.02,606.0,26.37,5.35,6.73,3.7,,1.68,0.05,1.08,0.31,293.96,52.29,9.78,9.366,5.553,16.01,0.77,4.81,11.05,0.0
MTIG4,,,2025-04-25 18:08:28,0.0,0,,,,,,725.28,0.75,30.0,16.12,113.09,58.94,112.95,,0.27,0.02,0.2,0.66,,,,,56.0,,,64.07,0.0,0.0
MULT3,,,2025-04-25 18:08:42,25.5,43.40%,2.61,11.0,9.63,2.29,,23.75,0.11,1.848,83.36,52.7,72.62,59.61,,1.43,0.03,1.33,0.2,121.61,24.38,5.43,4.239,657.0,4.96,3.33,67.18,18.56,16.18
MYPK3,,,2025-04-25 18:08:52,12.63,34.23%,1.72,29.65,7.29,0.42,,7.5,0.02,1.524,11.88,2.48,9.94,3.82,,1.72,0.57,1.15,0.96,214.76,103.83,6.388,3.925,3.084,99.74,6.64,6.66,24.74,8.41
NATU3,,,2025-04-25 18:09:06,0.0,0,,,,,,,,,,,,,,,,,,,,,,,,,,0.0,0.0
ODPV3,,,2025-04-25 18:09:19,10.68,104.73%,0.98,2.22,11.17,4.91,,43.9,0.25,737.0,34.33,23.63,32.31,33.46,,0.64,0.02,0.64,1.07,72.77,3.84,,,275.0,4.13,1.24,30.13,5.11,14.66
OSXB3,,,2025-04-25 18:09:30,2.98,0.00%,504.53,,0.01,0.0,,18.93,1.14,966.0,100.0,,,,,0.01,0.0,0.01,0.05,116.57,442.26,6.721,6.72,948.0,20.46,310.95,,0.0,0.0
PCAR4,,,2025-04-25 18:09:44,0.0,0,,,,,,,,,,,,,,,,,,,,,,,,,,0.0,0.0
PDGR3,,,2025-04-25 18:09:56,0.69,0.00%,30.84,233.92,0.02,0.0,,12.89,0.8,153.0,2.53,358.34,127.42,408.43,,0.32,0.02,0.16,0.22,116.04,38.33,205.0,176.0,693.0,8.6,11.0,127.88,294.23,0.0
PETR3,,,2025-04-25 18:10:06,32.67,201.32%,2.84,28.4,11.45,1.14,,10.07,0.03,204.234,50.21,7.54,41.61,11.15,,0.69,0.1,0.48,0.44,206.06,87.27,373.467,326.816,59.596,38.08,10.64,27.95,31.11,81.68
PETR4,,,2025-04-25 18:10:19,30.52,201.32%,2.84,28.4,10.71,1.07,,10.07,0.03,204.234,50.21,7.54,41.61,11.15,,0.69,0.1,0.48,0.44,206.06,87.27,373.467,326.816,59.596,38.08,10.64,27.95,31.11,81.68
PFRM3,,,2025-04-25 18:10:31,7.85,90.47%,0.93,10.52,8.32,0.73,,7.74,0.02,358.0,15.0,1.21,3.53,1.26,,1.34,0.08,0.74,1.81,254.15,45.36,799.0,570.0,1.03,82.01,2.42,2.95,10.84,12.02
PINE4,,,2025-04-25 18:10:44,4.51,61.02%,1.12,5.34,3.94,0.83,,21.04,0.01,,20.13,10.23,,13.06,,1.1,,,0.09,,121.14,,,1.241,10.99,,,8.47,9.76
PLAS3,,,2025-04-25 18:10:55,0.0,0.00%,8.85,41.79,0.73,0.16,,21.18,0.17,,14.85,9.72,,11.86,,0.48,0.07,0.3,1.71,227.65,53.35,318.0,282.0,260.0,91.09,1.38,1.52,66.62,0.0
PMAM3,,,2025-04-25 18:11:09,2.2,0.00%,28.35,83.34,0.07,0.02,,34.02,1.31,353.0,35.57,464.99,76.69,468.17,,0.06,0.0,0.02,0.28,125.89,21.57,5.217,5.174,5.864,6.1,5.83,95.53,168.38,0.0
POMO3,,,2025-04-25 18:11:21,5.29,50.63%,1.06,3.54,4.9,1.46,,29.94,0.13,1.625,24.8,14.22,18.91,17.11,,1.84,0.68,1.24,0.91,131.28,8.31,3.255,1.157,2.58,7.56,1.28,16.96,6.71,7.67
POMO4,,,2025-04-25 18:11:32,6.83,50.63%,1.06,3.54,6.36,1.9,,29.94,0.13,1.625,24.8,14.22,18.91,17.11,,1.84,0.68,1.24,0.91,131.28,8.31,3.255,1.157,2.58,7.56,1.28,16.96,6.71,7.67
POSI3,,,2025-04-25 18:11:42,5.94,72.87%,0.57,11.54,10.55,0.52,,5.17,0.02,366.0,25.05,2.31,9.95,2.77,,1.97,0.38,1.25,0.83,171.36,31.5,1.282,715.0,1.464,26.01,2.18,8.39,8.88,5.93
PSSA3,,,2025-04-25 18:11:54,42.39,35.54%,4.09,21.73,10.23,1.93,,19.02,0.06,,100.0,7.63,,11.19,,1.15,0.1,1.15,0.74,238.72,74.1,,,3.413,54.51,4.79,8.79,32.66,20.77
PTBL3,,,2025-04-25 18:12:07,4.35,0.00%,0.72,2.63,5.86,1.61,,27.49,0.03,313.0,35.94,4.24,13.02,4.55,,0.75,0.06,0.34,0.72,801.81,23.74,1.163,1.084,343.0,17.08,0.92,5.4,4.77,0.0
PTNT4,,,2025-04-25 18:12:18,6.07,41.54%,0.65,9.31,9.67,0.68,,8.35,0.04,79.0,15.14,5.71,9.92,5.26,,3.02,0.31,2.2,0.73,99.95,22.77,426.0,132.0,411.0,16.64,0.92,5.5,8.52,3.86
ENAT3,,,2025-04-25 18:12:35,0.0,0,,,,,,12.53,0.04,,24.54,25.34,,39.02,,3.9,0.59,3.88,0.17,183.03,,5.958,584.0,4.41,,,56.1,0.0,0.0
QUAL3,,,2025-04-25 18:12:46,2.23,0.00%,0.02,4.51,96.27,0.49,,1.16,0.0,585.0,83.15,0.95,37.02,0.08,,1.1,0.21,1.1,0.36,235.47,15.37,1.881,988.0,154.0,5.56,0.65,11.73,1.04,0.0
RAPT3,,,2025-04-25 18:12:57,8.3,29.23%,1.24,9.81,6.8,0.86,,15.34,0.04,1.622,26.72,5.8,13.62,8.49,,1.91,0.48,1.36,0.77,242.47,46.88,6.732,4.466,4.251,36.18,3.89,10.74,12.08,5.18
RAPT4,,,2025-04-25 18:13:07,9.21,29.23%,1.24,9.81,7.26,0.92,,15.34,0.04,1.622,26.72,5.8,13.62,8.49,,1.91,0.48,1.36,0.77,242.47,46.88,6.732,4.466,4.251,36.18,3.89,10.74,12.08,5.18
RDNI3,,,2025-04-25 18:13:17,2.68,0.00%,3.24,6.13,0.89,0.47,,46.89,0.08,44.0,15.49,25.25,8.02,22.25,,1.62,0.1,1.04,0.34,453.71,36.87,581.0,540.0,250.0,12.37,1.14,9.26,15.44,0.0
RENT3,,,2025-04-25 18:13:30,42.81,93.57%,1.68,24.32,24.83,1.71,,6.88,0.02,11.914,23.48,4.87,31.97,5.01,,1.17,0.2,1.17,0.43,231.19,80.59,44.766,33.34,3.068,34.43,5.36,15.58,22.14,22.46
FRTA3,,,2025-04-25 18:13:45,0.0,0,,,,,,7.17,0.18,2.0,16.57,72.29,13.6,75.06,,0.03,0.0,0.01,0.25,140.37,,67.0,67.0,97.0,,,16.43,0.0,0.0
RNEW11,,,2025-04-25 18:13:57,2.54,--,0.47,3.27,5.52,0.79,,14.35,0.04,122.0,11.91,45.16,47.1,48.94,,0.79,0.4,0.79,0.08,275.19,12.27,1.144,994.0,75.0,1.04,0.07,6.49,4.29,0.0
ROMI3,,,2025-04-25 18:14:06,9.17,76.32%,1.14,13.07,8.04,0.7,,8.78,0.04,164.0,28.12,8.34,12.78,8.72,,2.12,0.34,1.09,0.52,103.39,26.62,794.0,499.0,798.0,13.79,1.08,7.85,13.37,12.43
RSID3,,,2025-04-25 18:14:17,2.19,0.00%,13.81,48.6,0.16,0.05,,28.47,0.55,263.0,28.74,328.46,311.72,725.39,,0.45,0.0,0.15,0.17,151.71,25.16,379.0,351.0,308.0,4.22,13.15,311.91,89.74,0.0
SANB11,,,2025-04-25 18:14:26,27.88,--,1.78,15.94,15.75,1.76,,11.19,0.01,,41.32,9.78,,13.99,,,,,0.11,,165.21,,,,18.29,,,18.45,0.0
SBSP3,,,2025-04-25 18:14:36,115.38,10.27%,14.02,54.03,8.2,2.13,,25.94,0.12,18.187,54.07,26.5,50.32,37.74,,0.89,0.14,0.89,0.45,119.25,118.46,25.258,19.875,1.364,52.88,22.69,42.91,95.34,20.57
SCAR3,,,2025-04-25 18:14:46,17.73,41.07%,5.07,26.74,3.46,0.66,,18.84,0.1,145.0,36.03,57.53,28.55,61.73,,3.02,0.03,3.02,0.18,84.95,49.77,1.162,886.0,536.0,8.81,1.57,17.78,40.33,29.75
SGPS3,,,2025-04-25 18:14:57,0.0,0.00%,77.81,16.55,0.02,0.1,,470.13,0.3,296.0,2.36,77.23,29.32,74.83,,0.45,0.1,0.26,0.39,,255.37,1.064,877.0,925.0,100.75,39.31,39.02,124.31,0.0
SHOW3,,,2025-04-25 18:15:08,0.67,0.00%,1.03,1.98,0.69,0.36,,49.68,0.17,24.0,12.73,41.19,14.04,36.22,,1.19,0.56,1.19,0.4,198.84,6.09,89.0,25.0,38.0,2.46,0.43,17.4,4.95,0.0
SLCE3,,,2025-04-25 18:15:18,20.01,71.74%,1.15,9.02,17.51,2.23,,11.74,0.03,1.799,29.57,6.17,23.06,6.59,,1.37,0.32,0.75,0.44,328.17,39.64,5.598,3.618,2.244,17.6,3.41,19.39,11.16,11.79
SLED4,,,2025-04-25 18:15:31,0.0,0,7.15,39.57,0.22,0.04,,18.07,1.07,67.0,47.85,92.72,91.26,63.56,,0.12,0.0,0.05,1.15,116.88,6.68,35.0,35.0,156.0,7.71,5.7,73.94,58.27,0.0
SMTO3,,,2025-04-25 18:15:44,20.1,42.66%,3.25,19.6,6.35,1.05,,16.56,0.05,3.602,23.59,13.75,45.91,16.54,,2.27,0.4,1.68,0.35,242.47,67.13,11.317,8.071,4.241,23.6,6.97,29.54,27.65,19.81
SULA11,,,2025-04-25 18:16:00,0.0,0,,,,,,,,,,,,,,,,,,,,,,,,,,0.0,0.0
EGIE3,,,2025-04-25 18:16:11,40.26,27.64%,5.24,13.81,7.74,2.94,,35.04,0.09,8.754,54.43,38.35,78.03,50.86,,0.99,0.54,0.99,0.22,308.07,61.42,23.647,19.688,75.0,13.75,9.42,68.48,29.47,20.69
TCSA3,,,2025-04-25 18:16:22,1.37,0.00%,2.02,5.19,0.69,0.27,,39.15,0.11,,8.14,32.1,,29.41,,1.34,0.32,1.02,0.35,247.09,18.19,678.0,516.0,139.0,6.39,1.46,22.83,11.22,0.0
TECN3,,,2025-04-25 18:16:33,6.11,16.25%,1.02,6.48,6.0,0.95,,15.8,0.09,,54.67,16.2,,21.26,,2.9,0.7,2.06,0.55,76.53,11.44,107.0,13.0,324.0,6.32,1.05,16.68,8.91,2.37
TEKA4,,,2025-04-25 18:16:45,0.0,0.00%,339.62,,0.06,0.0,,7.76,0.14,11.0,24.58,52.8,3.13,53.17,,0.05,0.0,0.03,0.26,155.7,,613.0,613.0,2.696,643.27,28.82,4.48,0.0,0.0
TGMA3,,,2025-04-25 18:16:56,36.31,66.26%,4.09,13.96,8.77,2.57,,29.37,0.2,394.0,21.58,12.95,18.89,18.06,,2.71,0.92,2.71,1.57,44.28,20.14,177.0,65.0,449.0,31.67,5.59,17.64,26.18,38.71
TIMP3,,,2025-04-25 18:17:09,0.0,0,,,,,,,,,,,,,,,,,,,,,,,,,,0.0,0.0
TOTS3,,,2025-04-25 18:17:19,37.52,37.88%,1.2,7.81,30.88,4.73,,14.75,0.09,1.203,69.48,14.08,23.04,15.85,,2.42,1.7,2.42,0.61,71.08,14.23,1.661,281.0,1.619,8.72,1.46,16.79,10.6,6.49
TPIS3,,,2025-04-25 18:17:30,4.5,0.00%,0.81,20.98,5.37,0.21,,2.01,0.01,,34.33,1.38,,4.46,,0.21,0.05,0.21,0.48,204.45,62.89,1.428,1.374,886.0,30.06,1.34,4.46,14.28,0.0
TRIS3,,,2025-04-25 18:17:40,7.02,20.70%,0.92,7.82,7.65,0.9,,11.75,0.06,203.0,27.83,12.98,15.13,15.56,,4.74,0.94,2.66,0.44,104.47,16.3,821.0,351.0,1.788,7.22,1.07,14.87,9.29,2.72
TAEE11,,,2025-04-25 18:17:51,35.97,0.00%,1.64,6.71,22.03,5.38,,24.41,0.08,2.888,66.49,45.56,77.68,50.09,,1.23,0.3,1.23,0.18,194.42,19.77,9.799,9.048,559.0,3.6,2.77,77.01,11.49,0.0
TRPL4,,,2025-04-25 18:18:07,0.0,0,,,,,,,,,,,,,,,,,,,,,,,,,,0.0,0.0
TRPN3,,,2025-04-25 18:18:24,0.0,0,,,,,,,,,,,,,,,,,,,,,,,,,,0.0,0.0
UGPA3,,,2025-04-25 18:18:33,18.01,30.75%,2.12,13.59,8.41,1.31,,15.96,0.06,5.844,7.26,1.89,4.38,3.0,,1.53,0.2,1.16,3.37,150.0,35.46,15.787,11.162,5.554,119.68,4.43,3.7,18.59,9.31
UNIP3,,,2025-04-25 18:18:46,50.04,48.60%,4.91,24.66,10.12,2.02,,19.8,0.08,946.0,27.11,10.26,17.43,14.43,,2.88,0.83,2.48,0.76,152.74,62.84,2.317,733.0,1.914,47.99,5.52,11.51,38.12,34.09
UNIP6,,,2025-04-25 18:18:58,54.36,53.46%,4.91,24.66,11.06,2.2,,19.8,0.08,946.0,27.11,10.26,17.43,14.43,,2.88,0.83,2.48,0.76,152.74,62.84,2.317,733.0,1.914,47.99,5.52,11.51,38.12,37.5
USIM3,,,2025-04-25 18:19:11,5.74,36.24%,0.12,19.06,49.37,0.3,,0.01,0.0,1.725,6.42,0.01,6.67,0.37,,3.64,1.09,2.09,0.65,49.42,31.82,6.768,814.0,12.647,20.64,0.4,1.93,5.24,0.62
USIM5,,,2025-04-25 18:19:20,5.73,39.87%,0.12,19.06,49.88,0.3,,0.01,0.0,1.725,6.42,0.01,6.67,0.37,,3.64,1.09,2.09,0.65,49.42,31.82,6.768,814.0,12.647,20.64,0.4,1.93,5.24,0.68
TESA3,,,2025-04-25 18:19:36,0.0,0,,,,,,12.18,0.04,53.0,16.71,7.58,3.91,11.97,,0.86,0.03,0.6,0.52,209.32,,892.0,862.0,126.0,,,9.39,0.0,0.0
VALE3,,,2025-04-25 18:19:49,53.85,69.65%,6.96,45.55,7.95,1.21,,14.24,0.06,71.984,36.25,14.77,34.94,16.61,,1.03,0.38,0.68,0.42,132.23,109.35,96.012,65.01,2.421,45.39,12.22,26.92,61.68,69.25
VIVR3,,,2025-04-25 18:20:02,0.99,0.00%,1.08,3.71,0.88,0.26,,27.37,0.15,39.0,29.89,35.89,34.49,36.7,,1.71,0.28,1.07,0.4,88.64,7.27,20.0,1.0,49.0,2.94,1.02,34.81,6.93,0.0
VIVT3,,,2025-04-25 18:20:13,27.15,82.93%,3.4,42.76,8.03,0.64,,7.96,0.04,22.875,43.86,9.95,40.96,12.11,,0.94,0.28,0.9,0.45,79.0,76.62,20.746,14.055,1.444,34.25,5.32,15.53,41.77,40.28
VIVT4,,,2025-04-25 18:20:26,0.0,0,,,,,,,,,,,,,,,,,,,,,,,,,,0.0,0.0
VLID3,,,2025-04-25 18:20:37,24.5,43.78%,4.65,21.93,5.32,1.13,,20.84,0.13,,35.79,17.48,,20.07,,2.88,1.06,2.37,0.74,61.56,35.97,599.0,17.0,1.013,26.53,5.84,22.02,34.98,29.08
WEGE3,,,2025-04-25 18:20:50,49.89,52.49%,1.44,5.29,33.75,9.19,,27.32,0.15,8.503,33.73,16.63,22.38,20.82,,1.76,0.48,1.12,0.92,79.41,9.88,3.595,4.401,11.767,9.05,1.83,20.25,9.56,10.8
BRSR5,,,2025-04-25 18:21:02,15.8,28.62%,2.24,25.45,7.06,0.62,,8.8,0.01,,35.76,5.32,,6.38,,,,,0.12,,359.31,,,,42.1,,,26.16,9.16
CESP5,,,2025-04-25 18:21:21,0.0,0,,,,,,13.58,0.07,2.392,30.27,73.33,162.75,112.53,,3.12,2.62,3.12,0.1,82.56,,4.019,2.164,1.502,,,133.96,0.0,0.0
ELPL3,,,2025-04-25 18:21:37,0.0,0,,,,,,,,,,,,,,,,,,,,,,,,,,0.0,0.0
SANB4,,,2025-04-25 18:21:47,14.6,49.38%,1.74,12.02,8.51,1.23,,14.47,0.01,,11.45,6.54,,6.86,,,,,0.15,,180.02,,,,26.58,,,15.84,12.27
STBP3,,,2025-04-25 18:21:59,13.52,78.13%,0.86,0.77,15.7,17.61,,112.19,0.13,1.469,54.68,25.56,50.62,35.87,,1.18,0.74,1.15,0.52,737.92,6.41,2.725,1.995,180.0,3.36,1.4,41.59,2.82,9.6
CCXC3,,,2025-04-25 18:22:14,0.0,0,,,,,,,,,,,,,,,,,,,,,,,,,,0.0,0.0
CESP3,,,2025-04-25 18:22:33,0.0,0,,,,,,13.58,0.07,2.392,30.27,73.33,162.75,112.53,,3.12,2.62,3.12,0.1,82.56,,4.019,2.164,1.502,,,133.96,0.0,0.0
CGRA3,,,2025-04-25 18:22:42,26.42,53.54%,5.02,45.69,5.27,0.58,,10.98,0.08,109.0,52.84,14.36,15.01,16.69,,2.47,0.81,1.91,0.54,42.02,64.88,,,374.0,34.93,3.9,11.16,52.46,38.4
CLSC4,,,2025-04-25 18:22:52,82.34,37.11%,18.56,95.18,4.44,0.87,,19.5,0.05,1.567,16.94,6.72,14.7,8.75,,1.28,0.33,1.27,0.82,255.13,338.01,4.203,3.183,848.0,276.34,31.62,11.44,145.6,98.39
COCE3,,,2025-04-25 18:23:05,0.0,25.19%,5.97,66.02,4.19,0.38,,9.05,0.03,1.879,19.01,5.51,22.26,5.87,,0.54,0.04,0.54,0.59,180.31,185.05,5.447,5.232,2.593,108.43,15.84,14.61,68.77,21.48
TASA3,,,2025-04-25 18:23:15,8.74,50.04%,0.6,10.22,14.47,0.86,,5.92,0.03,252.0,34.82,4.58,15.1,4.72,,1.53,0.11,0.76,0.64,103.08,20.76,747.0,457.0,534.0,13.21,1.65,12.49,8.58,4.29
COGN3,,,2025-04-25 18:23:24,2.5,0.00%,0.47,6.61,5.37,0.38,,7.32,0.04,1.809,66.93,15.52,28.32,10.37,,1.61,0.03,1.46,0.26,78.66,12.9,6.873,5.541,1.746,3.41,0.72,21.16,6.11,0.0
LCAM3,,,2025-04-25 18:23:39,0.0,0,,,,,,4.9,0.04,2.532,16.38,9.82,29.78,14.2,,7.53,1.06,7.53,0.44,12.41,,630.0,4.442,6.021,,,10.19,0.0,0.0
RADL3,,,2025-04-25 18:23:52,20.1,39.92%,0.7,3.74,28.78,5.37,,18.79,0.05,4.203,29.73,3.12,10.82,3.65,,1.38,0.06,0.47,1.75,243.79,12.9,3.293,2.75,3.508,22.63,1.37,6.05,5.6,3.99
UCAS3,,,2025-04-25 18:24:06,1.58,96.39%,0.19,2.91,8.39,0.54,,6.47,0.03,17.0,38.13,5.49,7.86,4.67,,1.43,0.14,1.08,0.62,90.75,5.55,100.0,64.0,32.0,3.43,0.05,1.58,2.58,2.62
ALUP11,,,2025-04-25 18:24:19,30.06,--,1.1,8.33,27.2,3.58,,15.86,0.06,3.07,72.64,46.47,76.73,48.51,,2.04,0.26,2.04,0.13,161.77,31.03,12.729,9.185,3.19,4.05,2.93,72.28,10.49,0.0
ANIM3,,,2025-04-25 18:24:32,3.04,204.90%,0.21,5.63,15.08,0.56,,7.35,0.02,1.301,61.86,5.38,34.23,4.89,,2.17,0.1,2.17,0.39,248.49,23.99,5.309,4.057,1.121,9.41,2.03,21.57,3.77,6.15
BBSE3,,,2025-04-25 18:24:44,42.05,59.47%,4.35,4.85,9.56,8.59,,89.77,0.4,,,,,,,1.2,0.94,,,122.95,10.81,,,1.627,,4.88,,15.91,36.96
BSEV3,,,2025-04-25 18:25:00,0.0,0,,,,,,19.25,0.01,473.0,25.99,1.58,4.57,5.33,,0.39,0.09,0.34,0.87,,,7.636,6.655,5.792,,,16.74,0.0,0.0
CPRE3,,,2025-04-25 18:25:13,0.0,0,,,,,,,,,,,,,,,,,,,,,,,,,,0.0,0.0
CVCB3,,,2025-04-25 18:25:22,2.3,0.00%,0.2,1.01,12.0,2.33,,19.44,0.03,313.0,92.54,7.27,22.05,5.87,,0.88,0.16,0.88,0.37,622.43,7.31,542.0,32.0,305.0,2.7,0.17,6.39,1.56,0.0
LINX3,,,2025-04-25 18:25:39,0.0,0,,,,,,4.81,0.03,209.0,68.7,8.67,23.21,8.78,,2.14,0.08,2.14,0.35,59.41,,361.0,224.0,592.0,,,4.79,0.0,0.0
SEER3,,,2025-04-25 18:25:52,5.93,0.00%,0.01,9.39,651.36,0.63,,0.1,0.0,461.0,55.23,0.06,23.29,0.69,,1.35,0.51,1.35,0.57,185.99,26.85,964.0,593.0,255.0,15.39,1.86,12.06,1.06,0.0
SMLS3,,,2025-04-25 18:26:06,0.0,0,,,,,,23.27,0.06,241.0,92.17,25.92,39.64,59.85,,1.1,0.03,1.1,0.22,302.36,,0.0,65.0,148.0,,,44.82,0.0,0.0
TUPY3,,,2025-04-25 18:26:18,22.75,329.55%,0.57,24.22,37.9,0.89,,2.36,0.01,946.0,18.06,0.77,8.88,2.43,,2.2,0.7,1.55,0.93,228.94,79.84,4.77,2.394,4.069,73.97,3.88,5.25,12.87,26.83
SQIA3,,,2025-04-25 18:26:33,0.0,0,,,,,,0.27,0.0,218.0,42.19,0.28,32.55,1.85,,1.43,0.69,1.43,0.41,137.09,,424.0,192.0,93.0,,,7.27,0.0,0.0
BIOM3,,,2025-04-25 18:26:43,10.14,0.00%,0.47,2.07,21.45,4.84,,22.55,0.13,52.0,12.51,41.46,35.93,41.01,,2.72,0.87,2.1,0.31,77.29,3.67,121.0,23.0,153.0,1.13,0.5,44.24,3.42,0.0
KLBN11,,,2025-04-25 18:26:52,18.69,--,0.3,1.08,63.01,17.34,,23.7,0.03,6.616,37.52,10.42,33.68,11.55,,1.93,0.94,1.48,0.33,587.62,9.61,39.704,32.174,6.655,3.18,0.73,22.89,1.97,0.0
NUTR3,,,2025-04-25 18:27:02,3.83,0.00%,,,,,,22.76,0.1,19.0,18.2,5.13,9.55,6.84,,1.96,0.05,1.24,1.87,137.01,,11.0,9.0,37.0,,,9.13,0.0,0.0
BAZA3,,,2025-04-25 18:27:12,93.5,30.13%,20.19,116.51,4.65,0.81,,17.33,0.02,,9.79,23.07,,25.01,,,,,0.09,,968.92,,,,87.51,,,168.01,86.9
HGBS11,,,2025-04-25 18:27:30,197.32,75.77%,,,,,,,,,,,,,,,,,,,,,,,,,,0.0,0.0
HGPO11,,,2025-04-25 18:27:43,132.4,--,,,,,,,,,,,,,,,,,,,,,,,,,,0.0,0.0
MBRF11,,,2025-04-25 18:27:55,0.0,0,,,,,,,,,,,,,,,,,,,,,,,,,,0.0,0.0
TCNO3,,,2025-04-25 18:28:13,0.0,0,,,,,,123.36,0.0,,,,,,,0.28,0.0,0.26,0.0,,,33.0,33.0,101.0,,,,0.0,0.0
ABCP11,,,2025-04-25 18:28:21,77.49,87.94%,,,,,,,,,,,,,,,,,,,,,,,,,,0.0,0.0
RBED11,,,2025-04-25 18:28:30,0.0,69.49%,,,,,,,,,,,,,,,,,,,,,,,,,,0.0,0.0
BBPO11,,,2025-04-25 18:28:41,0.0,0,,,,,,,,,,,,,,,,,,,,,,,,,,0.0,0.0
BBRC11,,,2025-04-25 18:28:49,104.47,--,,,,,,,,,,,,,,,,,,,,,,,,,,0.0,0.0
BBVJ11,,,2025-04-25 18:29:01,0.0,0,,,,,,,,,,,,,,,,,,,,,,,,,,0.0,0.0
BPFF11,,,2025-04-25 18:29:12,59.5,--,,,,,,,,,,,,,,,,,,,,,,,,,,0.0,0.0
BRCR11,,,2025-04-25 18:29:21,42.96,98.19%,,,,,,,,,,,,,,,,,,,,,,,,,,0.0,0.0
CTXT11,,,2025-04-25 18:29:30,5.85,--,,,,,,,,,,,,,,,,,,,,,,,,,,0.0,0.0
CXTL11,,,2025-04-25 18:29:39,229.21,--,,,,,,,,,,,,,,,,,,,,,,,,,,0.0,0.0
EURO11,,,2025-04-25 18:29:48,245.52,52.89%,,,,,,,,,,,,,,,,,,,,,,,,,,0.0,0.0
RCRB11,,,2025-04-25 18:30:00,130.49,--,,,,,,,,,,,,,,,,,,,,,,,,,,0.0,0.0
FIGS11,,,2025-04-25 18:30:10,46.3,--,,,,,,,,,,,,,,,,,,,,,,,,,,0.0,0.0
FIXX11,,,2025-04-25 18:30:23,0.0,0,,,,,,,,,,,,,,,,,,,,,,,,,,0.0,0.0
FLMA11,,,2025-04-25 18:30:34,136.6,--,,,,,,,,,,,,,,,,,,,,,,,,,,0.0,0.0
FPAB11,,,2025-04-25 18:30:46,0.0,--,,,,,,,,,,,,,,,,,,,,,,,,,,0.0,0.0
HMOC11,,,2025-04-25 18:30:58,0.0,0,,,,,,,,,,,,,,,,,,,,,,,,,,0.0,0.0
HGCR11,,,2025-04-25 18:31:08,96.95,--,,,,,,,,,,,,,,,,,,,,,,,,,,0.0,0.0
HGLG11,,,2025-04-25 18:31:20,160.41,83.49%,,,,,,,,,,,,,,,,,,,,,,,,,,0.0,0.0
HGRE11,,,2025-04-25 18:31:29,118.99,610.50%,,,,,,,,,,,,,,,,,,,,,,,,,,0.0,0.0
JSRE11,,,2025-04-25 18:31:40,63.07,--,,,,,,,,,,,,,,,,,,,,,,,,,,0.0,0.0
KNCR11,,,2025-04-25 18:31:49,103.42,--,,,,,,,,,,,,,,,,,,,,,,,,,,0.0,0.0
KNRE11,,,2025-04-25 18:32:02,0.31,--,,,,,,,,,,,,,,,,,,,,,,,,,,0.0,0.0
KNRI11,,,2025-04-25 18:32:14,147.15,--,,,,,,,,,,,,,,,,,,,,,,,,,,0.0,0.0
MXRF11,,,2025-04-25 18:32:26,9.3,--,,,,,,,,,,,,,,,,,,,,,,,,,,0.0,0.0
ONEF11,,,2025-04-25 18:32:36,0.0,0,,,,,,,,,,,,,,,,,,,,,,,,,,0.0,0.0
PQDP11,,,2025-04-25 18:32:46,2389.99,--,,,,,,,,,,,,,,,,,,,,,,,,,,0.0,0.0
PRSV11,,,2025-04-25 18:33:02,47.99,--,,,,,,,,,,,,,,,,,,,,,,,,,,0.0,0.0
RBBV11,,,2025-04-25 18:33:12,0.0,0,,,,,,,,,,,,,,,,,,,,,,,,,,0.0,0.0
RBCB11,,,2025-04-25 18:33:23,0.0,0,,,,,,,,,,,,,,,,,,,,,,,,,,0.0,0.0
RBGS11,,,2025-04-25 18:33:34,0.0,0,,,,,,,,,,,,,,,,,,,,,,,,,,0.0,0.0
RBRD11,,,2025-04-25 18:33:45,40.54,--,,,,,,,,,,,,,,,,,,,,,,,,,,0.0,0.0
RBVO11,,,2025-04-25 18:33:59,0.0,0,,,,,,,,,,,,,,,,,,,,,,,,,,0.0,0.0
RDES11,,,2025-04-25 18:34:12,0.0,0,,,,,,,,,,,,,,,,,,,,,,,,,,0.0,0.0
RNDP11,,,2025-04-25 18:34:24,0.0,--,,,,,,,,,,,,,,,,,,,,,,,,,,0.0,0.0
RNGO11,,,2025-04-25 18:34:35,45.95,--,,,,,,,,,,,,,,,,,,,,,,,,,,0.0,0.0
SAAG11,,,2025-04-25 18:34:46,0.0,0,,,,,,,,,,,,,,,,,,,,,,,,,,0.0,0.0
SDIL11,,,2025-04-25 18:34:57,0.0,0,,,,,,,,,,,,,,,,,,,,,,,,,,0.0,0.0
SHPH11,,,2025-04-25 18:35:08,915.25,--,,,,,,,,,,,,,,,,,,,,,,,,,,0.0,0.0
SPTW11,,,2025-04-25 18:35:18,34.05,--,,,,,,,,,,,,,,,,,,,,,,,,,,0.0,0.0
TBOF11,,,2025-04-25 18:35:28,0.0,0,,,,,,,,,,,,,,,,,,,,,,,,,,0.0,0.0
TRXL11,,,2025-04-25 18:35:46,0.0,0,,,,,,,,,,,,,,,,,,,,,,,,,,0.0,0.0
VLOL11,,,2025-04-25 18:36:03,0.0,0,,,,,,,,,,,,,,,,,,,,,,,,,,0.0,0.0
VRTA11,,,2025-04-25 18:36:13,82.7,--,,,,,,,,,,,,,,,,,,,,,,,,,,0.0,0.0
XPCM11,,,2025-04-25 18:36:23,7.11,--,,,,,,,,,,,,,,,,,,,,,,,,,,0.0,0.0
XTED11,,,2025-04-25 18:36:39,0.0,0,,,,,,,,,,,,,,,,,,,,,,,,,,0.0,0.0
SANB3,,,2025-04-25 18:36:49,13.26,44.89%,1.74,12.02,7.64,1.11,,14.47,0.01,,11.45,6.54,,6.86,,,,,0.15,,180.02,,,,26.58,,,15.84,11.16
SEDU3,,,2025-04-25 18:37:04,0.0,0,,,,,,,,,,,,,,,,,,,,,,,,,,0.0,0.0
FRAS3,,,2025-04-25 18:37:12,28.79,37.65%,1.36,8.22,21.0,3.48,,16.64,0.08,643.0,33.55,9.45,16.23,13.7,,2.05,0.56,1.35,0.81,116.28,18.03,1.111,252.0,1.578,14.69,1.92,13.09,11.58,7.31
GEPA4,,,2025-04-25 18:37:24,33.49,210.40%,0.0,0.0,7.33,1.98,,27.05,0.12,0.0,37.69,35.81,70.08,44.23,,0.53,0.4,0.53,0.34,122.5,0.0,768.0,308.0,545.0,0.0,0.0,47.9,0.0,0.0
OFSA3,,,2025-04-25 18:37:34,22.89,36.56%,2.49,14.02,9.08,1.61,,17.76,0.1,224.0,50.52,13.11,21.91,17.28,,3.06,0.8,2.15,0.74,83.06,25.67,359.0,125.0,600.0,19.0,3.46,18.23,20.47,13.0
RLOG3,,,2025-04-25 18:37:48,0.0,0,,,,,,,,,,,,,,,,,,,,,,,,,,0.0,0.0
TOYB3,,,2025-04-25 18:38:05,0.0,0,,,,,,,,,,,,,,,,,,,,,,,,,,0.0,0.0
AAPL34,,,2025-04-25 18:38:19,59.49,10.75%,,,,,,,,,,,,,,,,,,,,,,,,,,0.0,0.0
ABTT34,,,2025-04-25 18:38:32,60.66,20.05%,,,,,,,,,,,,,,,,,,,,,,,,,,0.0,0.0
AMGN34,,,2025-04-25 18:38:43,57.12,84.04%,,,,,,,,,,,,,,,,,,,,,,,,,,0.0,0.0
AMZO34,,,2025-04-25 18:38:55,53.92,0.00%,,,,,,,,,,,,,,,,,,,,,,,,,,0.0,0.0
ARMT34,,,2025-04-25 18:39:09,83.72,25.64%,,,,,,,,,,,,,,,,,,,,,,,,,,0.0,0.0
ATTB34,,,2025-04-25 18:39:24,50.89,53.12%,,,,,,,,,,,,,,,,,,,,,,,,,,0.0,0.0
AXPB34,,,2025-04-25 18:39:34,150.0,16.02%,,,,,,,,,,,,,,,,,,,,,,,,,,0.0,0.0
BERK34,,,2025-04-25 18:39:48,151.6,0.00%,,,,,,,,,,,,,,,,,,,,,,,,,,0.0,0.0
BOAC34,,,2025-04-25 18:40:03,56.18,21.57%,,,,,,,,,,,,,,,,,,,,,,,,,,0.0,0.0
CATP34,,,2025-04-25 18:40:17,109.1,24.42%,,,,,,,,,,,,,,,,,,,,,,,,,,0.0,0.0
CMCS34,,,2025-04-25 18:40:30,38.57,22.02%,,,,,,,,,,,,,,,,,,,,,,,,,,0.0,0.0
COCA34,,,2025-04-25 18:40:41,67.81,73.26%,,,,,,,,,,,,,,,,,,,,,,,,,,0.0,0.0
CSCO34,,,2025-04-25 18:40:52,64.25,49.93%,,,,,,,,,,,,,,,,,,,,,,,,,,0.0,0.0
DISB34,,,2025-04-25 18:41:04,33.97,21.28%,,,,,,,,,,,,,,,,,,,,,,,,,,0.0,0.0
EXXO34,,,2025-04-25 18:41:16,77.33,34.58%,,,,,,,,,,,,,,,,,,,,,,,,,,0.0,0.0
FDMO34,,,2025-04-25 18:41:30,56.96,29.35%,,,,,,,,,,,,,,,,,,,,,,,,,,0.0,0.0
GEOO34,,,2025-04-25 18:41:42,1121.2,16.28%,,,,,,,,,,,,,,,,,,,,,,,,,,0.0,0.0
GSGI34,,,2025-04-25 18:41:55,104.8,19.31%,,,,,,,,,,,,,,,,,,,,,,,,,,0.0,0.0
HALI34,,,2025-04-25 18:42:10,117.61,20.12%,,,,,,,,,,,,,,,,,,,,,,,,,,0.0,0.0
HOME34,,,2025-04-25 18:42:22,72.26,42.54%,,,,,,,,,,,,,,,,,,,,,,,,,,0.0,0.0
HPQB34,,,2025-04-25 18:42:33,142.88,28.23%,,,,,,,,,,,,,,,,,,,,,,,,,,0.0,0.0
ITLC34,,,2025-04-25 18:42:44,19.05,161.44%,,,,,,,,,,,,,,,,,,,,,,,,,,0.0,0.0
JNJB34,,,2025-04-25 18:42:58,58.62,38.61%,,,,,,,,,,,,,,,,,,,,,,,,,,0.0,0.0
JPMC34,,,2025-04-25 18:43:10,138.39,17.48%,,,,,,,,,,,,,,,,,,,,,,,,,,0.0,0.0
LMTB34,,,2025-04-25 18:43:20,2689.54,39.25%,,,,,,,,,,,,,,,,,,,,,,,,,,0.0,0.0
MMMC34,,,2025-04-25 18:43:30,195.2,24.82%,,,,,,,,,,,,,,,,,,,,,,,,,,0.0,0.0
MRCK34,,,2025-04-25 18:43:42,57.84,32.30%,,,,,,,,,,,,,,,,,,,,,,,,,,0.0,0.0
MSCD34,,,2025-04-25 18:43:52,97.86,18.86%,,,,,,,,,,,,,,,,,,,,,,,,,,0.0,0.0
MSFT34,,,2025-04-25 18:44:03,92.38,17.51%,,,,,,,,,,,,,,,,,,,,,,,,,,0.0,0.0
NIKE34,,,2025-04-25 18:44:13,32.54,51.79%,,,,,,,,,,,,,,,,,,,,,,,,,,0.0,0.0
ORCL34,,,2025-04-25 18:44:27,130.0,34.92%,,,,,,,,,,,,,,,,,,,,,,,,,,0.0,0.0
PFIZ34,,,2025-04-25 18:44:38,32.73,85.39%,,,,,,,,,,,,,,,,,,,,,,,,,,0.0,0.0
PGCO34,,,2025-04-25 18:44:49,65.55,44.11%,,,,,,,,,,,,,,,,,,,,,,,,,,0.0,0.0
SBUB34,,,2025-04-25 18:45:03,474.93,52.38%,,,,,,,,,,,,,,,,,,,,,,,,,,0.0,0.0
VERZ34,,,2025-04-25 18:45:17,39.7,45.62%,,,,,,,,,,,,,,,,,,,,,,,,,,0.0,0.0
VISA34,,,2025-04-25 18:45:29,96.2,15.11%,,,,,,,,,,,,,,,,,,,,,,,,,,0.0,0.0
WALM34,,,2025-04-25 18:45:40,33.99,24.03%,,,,,,,,,,,,,,,,,,,,,,,,,,0.0,0.0
WFCO34,,,2025-04-25 18:45:52,99.18,19.76%,,,,,,,,,,,,,,,,,,,,,,,,,,0.0,0.0
WIZS3,,,2025-04-25 18:46:11,0.0,0,,,,,,,,,,,,,,,,,,,,,,,,,,0.0,0.0
BOEI34,,,2025-04-25 18:46:24,1004.61,0.00%,,,,,,,,,,,,,,,,,,,,,,,,,,0.0,0.0
CHVX34,,,2025-04-25 18:46:38,78.95,67.68%,,,,,,,,,,,,,,,,,,,,,,,,,,0.0,0.0
COPH34,,,2025-04-25 18:46:49,43.23,19.30%,,,,,,,,,,,,,,,,,,,,,,,,,,0.0,0.0
CTGP34,,,2025-04-25 18:47:00,64.93,24.29%,,,,,,,,,,,,,,,,,,,,,,,,,,0.0,0.0
FBOK34,,,2025-04-25 18:47:16,0.0,0,,,,,,,,,,,,,,,,,,,,,,,,,,0.0,0.0
IBMB34,,,2025-04-25 18:47:25,1326.0,80.03%,,,,,,,,,,,,,,,,,,,,,,,,,,0.0,0.0
LILY34,,,2025-04-25 18:47:35,167.02,31.34%,,,,,,,,,,,,,,,,,,,,,,,,,,0.0,0.0
MCDC34,,,2025-04-25 18:47:48,89.26,42.14%,,,,,,,,,,,,,,,,,,,,,,,,,,0.0,0.0
MFII11,,,2025-04-25 18:47:58,87.2,105.77%,,,,,,,,,,,,,,,,,,,,,,,,,,0.0,0.0
MSBR34,,,2025-04-25 18:48:10,131.74,29.31%,,,,,,,,,,,,,,,,,,,,,,,,,,0.0,0.0
NFLX34,,,2025-04-25 18:48:24,124.66,0.00%,,,,,,,,,,,,,,,,,,,,,,,,,,0.0,0.0
PEPB34,,,2025-04-25 18:48:38,50.59,55.97%,,,,,,,,,,,,,,,,,,,,,,,,,,0.0,0.0
SLBG34,,,2025-04-25 18:48:50,99.0,35.97%,,,,,,,,,,,,,,,,,,,,,,,,,,0.0,0.0
UPSS34,,,2025-04-25 18:49:03,34.57,67.60%,,,,,,,,,,,,,,,,,,,,,,,,,,0.0,0.0
USBC34,,,2025-04-25 18:49:15,56.82,49.51%,,,,,,,,,,,,,,,,,,,,,,,,,,0.0,0.0
GUAR3,,,2025-04-25 18:49:27,8.11,25.52%,0.47,10.82,17.28,0.75,,4.35,0.02,1.215,58.98,2.44,12.61,3.76,,1.48,0.2,1.23,0.71,152.3,27.31,1.97,498.0,2.84,19.3,1.53,7.91,7.81,1.71
ACNB34,,,2025-04-25 18:49:38,1666.57,33.76%,,,,,,,,,,,,,,,,,,,,,,,,,,0.0,0.0
BONY34,,,2025-04-25 18:49:47,438.24,20.89%,,,,,,,,,,,,,,,,,,,,,,,,,,0.0,0.0
DHER34,,,2025-04-25 18:49:58,39.89,15.37%,,,,,,,,,,,,,,,,,,,,,,,,,,0.0,0.0
IGBR3,,,2025-04-25 18:50:14,0.0,0,,,,,,60.1,1.84,436.0,100.0,,,,,0.33,0.0,0.33,0.03,132.65,,352.0,246.0,224.0,,,,0.0,0.0
KMBB34,,,2025-04-25 18:50:27,753.81,47.40%,,,,,,,,,,,,,,,,,,,,,,,,,,0.0,0.0
METB34,,,2025-04-25 18:50:38,0.0,25.93%,,,,,,,,,,,,,,,,,,,,,,,,,,0.0,0.0
TELB4,,,2025-04-25 18:50:51,8.99,0.00%,0.77,17.16,11.55,0.52,,4.49,0.02,288.0,52.16,16.07,69.64,16.07,,5.65,1.35,5.65,0.1,175.98,47.35,55.0,1.193,1.461,4.8,0.21,4.46,12.59,0.0
TGTB34,,,2025-04-25 18:51:00,549.0,35.22%,,,,,,,,,,,,,,,,,,,,,,,,,,0.0,0.0
WHRL3,,,2025-04-25 18:51:12,4.07,73.00%,0.6,1.79,6.55,2.21,,33.79,0.09,1.216,17.09,7.04,9.41,7.64,,1.05,0.48,0.84,1.22,292.08,7.03,1.091,2.286,377.0,8.61,0.69,8.01,3.59,6.26
AVON34,,,2025-04-25 18:51:28,0.0,0,,,,,,,,,,,,,,,,,,,,,,,,,,0.0,0.0
BMYB34,,,2025-04-25 18:51:40,268.0,71.43%,,,,,,,,,,,,,,,,,,,,,,,,,,0.0,0.0
COLG34,,,2025-04-25 18:51:52,76.4,56.09%,,,,,,,,,,,,,,,,,,,,,,,,,,0.0,0.0
COTY34,,,2025-04-25 18:52:06,14.23,0.00%,,,,,,,,,,,,,,,,,,,,,,,,,,0.0,0.0
EBAY34,,,2025-04-25 18:52:17,185.92,19.23%,,,,,,,,,,,,,,,,,,,,,,,,,,0.0,0.0
FCXO34,,,2025-04-25 18:52:31,71.2,34.52%,,,,,,,,,,,,,,,,,,,,,,,,,,0.0,0.0
FDXB34,,,2025-04-25 18:52:44,1223.74,23.62%,,,,,,,,,,,,,,,,,,,,,,,,,,0.0,0.0
GDBR34,,,2025-04-25 18:52:56,1523.0,31.03%,,,,,,,,,,,,,,,,,,,,,,,,,,0.0,0.0
HSHY34,,,2025-04-25 18:53:09,0.0,35.57%,,,,,,,,,,,,,,,,,,,,,,,,,,0.0,0.0
MDLZ34,,,2025-04-25 18:53:22,186.74,36.97%,,,,,,,,,,,,,,,,,,,,,,,,,,0.0,0.0
MOSC34,,,2025-04-25 18:53:34,27.36,107.76%,,,,,,,,,,,,,,,,,,,,,,,,,,0.0,0.0
QCOM34,,,2025-04-25 18:53:47,68.0,25.46%,,,,,,,,,,,,,,,,,,,,,,,,,,0.0,0.0
TEXA34,,,2025-04-25 18:53:57,61.9,69.57%,,,,,,,,,,,,,,,,,,,,,,,,,,0.0,0.0
TIFF34,,,2025-04-25 18:54:24,0.0,0,,,,,,,,,,,,,,,,,,,,,,,,,,0.0,0.0
UTEC34,,,2025-04-25 18:54:41,0.0,0,,,,,,,,,,,,,,,,,,,,,,,,,,0.0,0.0
WUNI34,,,2025-04-25 18:54:55,56.28,24.54%,,,,,,,,,,,,,,,,,,,,,,,,,,0.0,0.0
XRXB34,,,2025-04-25 18:55:07,23.62,93.71%,,,,,,,,,,,,,,,,,,,,,,,,,,0.0,0.0
SHUL4,,,2025-04-25 18:55:19,5.54,66.52%,0.71,3.98,7.7,1.38,,17.91,0.1,359.0,25.81,13.11,18.47,14.75,,3.16,0.05,2.41,0.75,82.66,7.28,749.0,60.0,1.109,5.44,0.81,14.92,5.82,6.75
ATOM3,,,2025-04-25 18:55:34,0.0,0,,,,,,,,,,,,,,,,,,,,,,,,,,0.0,0.0
KHCB34,,,2025-04-25 18:55:48,42.08,50.30%,,,,,,,,,,,,,,,,,,,,,,,,,,0.0,0.0
TIET11,,,2025-04-25 18:56:04,0.0,0,,,,,,,,,,,,,,,,,,,,,,,,,,0.0,0.0
SAPR4,,,2025-04-25 18:56:14,5.92,32.95%,1.02,7.17,5.63,0.8,,14.27,0.08,2.936,57.79,22.57,42.88,30.4,,1.78,0.97,1.74,0.33,89.39,13.57,6.631,4.83,1.445,4.53,1.57,34.7,9.37,4.8
CRIV4,,,2025-04-25 18:56:24,0.0,0,,,,,,2.13,0.0,,20.26,1.11,,0.43,,,,,0.12,,,,,,,,,0.0,0.0
RPMG3,,,2025-04-25 18:56:37,2.9,0.00%,15.38,96.17,0.19,0.03,,15.99,0.12,1.241,11.01,14.91,17.76,14.91,,0.82,0.01,0.6,0.8,233.49,128.42,,,1.808,103.17,18.81,18.23,133.23,0.0
BRSR3,,,2025-04-25 18:56:45,11.88,28.62%,2.24,25.45,5.33,0.47,,8.8,0.01,,35.76,5.32,,6.38,,,,,0.12,,359.31,,,,42.1,,,26.16,9.16
DOMC11,,,2025-04-25 18:56:58,0.0,0,,,,,,,,,,,,,,,,,,,,,,,,,,0.0,0.0
ENGI11,,,2025-04-25 18:57:12,45.5,--,1.66,7.55,27.22,5.97,,20.94,0.06,7.968,25.4,13.75,23.64,12.98,,1.23,0.06,1.22,0.44,248.56,33.71,35.117,26.556,3.362,14.73,2.67,18.12,12.26,0.0
SNSY5,,,2025-04-25 18:57:22,4.54,0.00%,2.96,255.09,1.54,0.02,,1.07,0.04,314.0,26.37,2.25,33.28,2.29,,0.92,0.06,0.45,1.71,127.76,71.43,206.0,184.0,30.0,122.44,38.49,31.44,95.19,0.0
DMMO3,,,2025-04-25 18:57:41,0.0,0,,,,,,0.66,0.01,40.0,43.55,1.1,12.09,1.1,,2.25,1.03,2.08,1.17,151.28,,,,79.0,,,8.16,0.0,0.0
ABCB10,,,2025-04-25 18:57:54,0.0,0,,,,,,,,,,,,,,,,,,,,,,,,,,0.0,0.0
ANIM3T,,,2025-04-25 18:58:04,0.0,0,,,,,,,,,,,,,,,,,,,,,,,,,,0.0,0.0
AZEV4,,,2025-04-25 18:58:14,0.8,0.00%,0.45,0.23,1.69,3.3,,195.4,0.39,225.0,1.68,175.53,147.91,228.75,,0.4,0.01,0.35,0.22,404.64,1.16,109.0,106.0,188.0,0.26,0.45,174.05,1.11,0.0
BAHI3,,,2025-04-25 18:58:26,0.0,0,,,,,,60.02,0.14,11.0,52.23,20.96,2.88,20.96,,0.32,0.1,0.32,0.67,326.41,,56.0,41.0,113.0,,,7.63,0.0,0.0
BALM4,,,2025-04-25 18:58:38,13.55,24.00%,3.23,18.16,4.2,0.75,,16.76,0.1,,61.63,15.05,,20.3,,2.83,0.23,1.99,0.68,64.24,29.25,16.0,61.0,136.0,19.84,3.67,18.51,26.53,11.07
BAUH4,,,2025-04-25 18:58:48,0.0,17.31%,4.94,23.88,15.97,3.31,,20.71,0.14,24.0,24.84,10.45,9.88,8.98,,1.47,0.64,1.21,1.35,47.19,35.15,,,26.0,47.33,3.6,7.6,37.62,12.22
BDLL4,,,2025-04-25 18:59:00,0.0,0.00%,19.33,139.96,0.49,0.07,,13.81,0.06,15.0,12.95,93.46,45.33,120.9,,0.48,0.04,0.39,0.06,343.41,340.68,183.0,165.0,256.0,20.68,10.41,50.34,180.18,0.0
BEES3,,,2025-04-25 18:59:12,8.62,50.44%,1.36,7.32,6.37,1.18,,18.53,0.01,,31.98,9.27,,12.87,,,,,0.13,,116.86,,,,14.64,,,10.93,9.8
BEES4,,,2025-04-25 18:59:24,8.75,50.44%,1.36,7.32,6.41,1.19,,18.53,0.01,,31.98,9.27,,12.87,,,,,0.13,,116.86,,,,14.64,,,10.93,9.8
BGIP4,,,2025-04-25 18:59:35,27.91,24.84%,7.51,41.49,3.68,0.67,,18.11,0.01,,38.64,11.39,,16.06,,0.98,,,0.11,,600.59,,,149.0,65.98,,,61.15,26.65
BMEB3,,,2025-04-25 18:59:47,30.0,41.28%,4.83,17.72,6.21,1.69,,26.95,0.02,,52.91,8.63,,9.73,,,,,0.23,,243.05,,,,56.41,,,32.05,28.48
BMEB4,,,2025-04-25 18:59:56,34.68,45.41%,7.18,19.92,4.61,1.66,,36.02,0.03,,57.84,12.22,,14.51,,,,,0.24,,248.88,,,,58.73,,,41.43,46.58
BMIN3,,,2025-04-25 19:00:08,17.55,85.45%,1.49,29.03,11.76,0.6,,5.13,0.01,,45.53,18.21,,29.65,,,,,0.08,,102.02,,,,8.18,,,22.78,18.19
BMIN4,,,2025-04-25 19:00:20,0.0,93.99%,1.49,29.03,11.33,0.58,,5.13,0.01,,45.53,18.21,,29.65,,,,,0.08,,102.02,,,,8.18,,,22.78,20.01
BMKS3,,,2025-04-25 19:00:33,390.0,118.75%,33.06,444.3,11.76,0.88,,7.44,0.06,,30.62,99.81,,131.25,,21.21,19.56,20.36,0.06,14.85,510.26,4.0,161.0,170.0,33.13,5.36,16.18,419.84,560.84
BNBR3,,,2025-04-25 19:00:43,99.45,25.52%,23.73,141.35,4.19,0.7,,16.79,0.03,,47.5,28.21,,51.34,,,,,0.12,,708.85,,,,84.12,,,200.63,86.51
BOBR4,,,2025-04-25 19:00:53,1.68,0.00%,0.28,0.0,5.93,458.1,,,0.08,240.0,41.02,4.73,15.6,6.47,,0.97,0.2,0.73,1.67,,3.54,377.0,261.0,17.0,5.92,0.82,13.83,0.0,0.0
BRIV3,,,2025-04-25 19:01:06,0.0,0,0.08,18.92,158.85,0.68,,0.42,0.0,,12.7,0.22,,0.94,,,,,0.12,,312.27,,,,36.75,,,4.26,0.0
BRIV4,,,2025-04-25 19:01:16,0.0,0,0.08,18.92,154.89,0.66,,0.42,0.0,,12.7,0.22,,0.94,,,,,0.12,,312.27,,,,36.75,,,4.26,0.0
BSLI4,,,2025-04-25 19:01:27,9.2,10.24%,0.73,9.27,13.11,1.03,,7.85,0.0,,33.23,2.31,,1.81,,,,,0.2,,153.33,,,,31.44,,,9.01,1.07
BTTL3,,,2025-04-25 19:01:46,0.0,0,,,,,,,,,,,,,,,,,,,,,,,,,,0.0,0.0
CBEE3,,,2025-04-25 19:01:58,0.0,0.00%,1.76,22.21,4.99,0.4,,7.94,0.03,1.809,16.99,7.67,20.7,1.06,,0.66,0.06,0.66,0.45,132.54,51.66,4.736,4.315,2.219,23.0,2.56,11.14,21.66,0.0
CEEB3,,,2025-04-25 19:02:07,37.89,41.63%,6.9,28.33,5.49,1.34,,24.35,0.06,4.941,30.04,10.94,29.89,13.35,,0.95,0.23,0.95,0.53,321.38,119.36,16.309,14.755,327.0,63.06,15.17,24.05,48.43,41.04
CEEB5,,,2025-04-25 19:02:18,0.0,41.63%,6.9,28.33,5.22,1.27,,24.35,0.06,4.941,30.04,10.94,29.89,13.35,,0.95,0.23,0.95,0.53,321.38,119.36,16.309,14.755,327.0,63.06,15.17,24.05,48.43,41.04
CELP3,,,2025-04-25 19:02:32,0.0,0,,,,,,,,,,,,,,,,,,,,,,,,,,0.0,0.0
CELP5,,,2025-04-25 19:02:47,0.0,0,,,,,,,,,,,,,,,,,,,,,,,,,,0.0,0.0
CEPE5,,,2025-04-25 19:03:00,0.0,0,,,,,,5.79,0.01,1.514,20.34,1.14,18.35,1.14,,1.03,0.27,1.03,0.58,781.95,,8.828,7.859,121.0,,,13.13,0.0,0.0
CGAS3,,,2025-04-25 19:03:10,0.0,152.28%,13.53,8.56,9.25,14.62,,158.08,0.12,,21.51,11.61,,17.06,,1.44,0.6,1.4,0.99,,117.65,9.789,7.6,1.602,116.53,23.19,19.9,37.28,294.34
CPRE3T,,,2025-04-25 19:03:21,0.0,0,,,,,,,,,,,,,,,,,,,,,,,,,,0.0,0.0
CRIV3,,,2025-04-25 19:03:33,0.0,0,,,,,,2.13,0.0,,20.26,1.11,,0.43,,,,,0.12,,,,,,,,,0.0,0.0
CRPG5,,,2025-04-25 19:03:43,21.49,"3,532.35%",3.92,20.48,5.36,1.03,,19.13,0.13,5.0,1.95,17.2,0.65,4.74,,3.44,0.04,1.72,0.76,46.13,29.93,11.0,170.0,388.0,22.78,1.16,5.1,31.04,0.0
CRPG6,,,2025-04-25 19:03:56,20.1,"3,532.35%",3.92,20.48,5.1,0.98,,19.13,0.13,5.0,1.95,17.2,0.65,4.74,,3.44,0.04,1.72,0.76,46.13,29.93,11.0,170.0,388.0,22.78,1.16,5.1,31.04,0.0
CSRN3,,,2025-04-25 19:04:09,0.0,0,,,,,,35.68,0.09,1.145,30.15,14.49,29.79,17.59,,1.47,0.39,1.47,0.64,282.96,,2.904,2.551,421.0,,,25.05,0.0,0.0
CTKA4,,,2025-04-25 19:04:22,35.0,0.00%,19.08,0.88,1.78,38.58,,,0.17,103.0,46.29,16.94,14.76,11.26,,1.74,0.04,1.07,0.99,,113.86,439.0,371.0,197.0,112.66,13.52,12.01,14.19,0.0
CTNM3,,,2025-04-25 19:04:31,0.0,0.00%,15.47,7.84,0.46,0.91,,186.32,0.26,294.0,2.07,70.52,24.44,68.77,,0.49,0.08,0.3,0.36,624.99,107.68,1.305,1.095,1.014,39.24,13.05,33.25,38.15,0.0
CTSA3,,,2025-04-25 19:04:42,1.12,0.00%,4.4,4.7,0.26,0.24,,93.74,0.21,71.0,38.14,124.6,71.82,124.58,,0.3,0.02,0.13,0.17,349.49,21.12,217.0,210.0,211.0,3.53,2.91,82.33,15.75,0.0
CTSA4,,,2025-04-25 19:04:53,0.65,0.00%,4.4,4.7,0.15,0.14,,93.74,0.21,71.0,38.14,124.6,71.82,124.58,,0.3,0.02,0.13,0.17,349.49,21.12,217.0,210.0,211.0,3.53,2.91,82.33,15.75,0.0
CVCB3T,,,2025-04-25 19:05:04,0.0,0,,,,,,,,,,,,,,,,,,,,,,,,,,0.0,0.0
DOHL4,,,2025-04-25 19:05:13,3.76,0.00%,0.2,9.15,18.91,0.42,,2.22,0.02,3.0,20.71,2.45,0.61,2.5,,6.07,0.9,2.89,0.63,44.23,13.2,166.0,81.0,479.0,8.3,0.23,2.73,4.69,0.0
DTCY3,,,2025-04-25 19:05:26,3.6,0.00%,0.1,0.11,35.67,32.66,,91.56,0.12,0.0,25.33,19.26,3.79,19.26,,1.99,0.59,1.99,0.61,684.16,0.88,0.0,2.0,4.0,0.53,0.06,10.69,0.36,0.0
EALT4,,,2025-04-25 19:05:43,14.22,2.51%,2.96,13.14,4.8,1.08,,22.51,0.11,125.0,29.66,11.79,22.17,14.44,,1.16,0.06,0.71,0.91,109.32,27.5,120.0,108.0,35.0,25.08,4.49,17.91,21.6,1.06
EKTR4,,,2025-04-25 19:05:53,53.87,231.76%,4.72,10.39,11.41,5.19,,45.45,0.08,2.417,26.82,9.81,25.91,14.2,,0.96,0.21,0.96,0.78,496.67,61.99,7.267,6.502,142.0,48.14,10.45,21.7,24.26,156.27
ELEK3,,,2025-04-25 19:06:08,0.0,0,,,,,,,,,,,,,,,,,,,,,,,,,,0.0,0.0
EMAE4,,,2025-04-25 19:06:21,32.3,106.01%,1.48,32.07,21.94,1.01,,4.62,0.03,0.0,33.02,8.81,0.1,8.55,,5.04,2.33,5.03,0.3,76.18,56.49,,,539.0,16.82,0.27,1.58,23.87,22.41
ENGI3,,,2025-04-25 19:06:30,12.0,12.06%,1.66,7.55,7.34,1.61,,20.94,0.06,7.968,25.4,13.75,23.64,12.98,,1.23,0.06,1.22,0.44,248.56,33.71,35.117,26.556,3.362,14.73,2.67,18.12,12.26,2.86
ENMT3,,,2025-04-25 19:06:39,0.0,59.26%,4.97,19.46,16.5,4.21,,25.54,0.08,,27.86,13.25,,14.82,,1.53,0.04,1.52,0.58,232.52,64.7,6.895,5.305,1.4,37.52,7.89,21.02,34.07,42.07
ESTR4,,,2025-04-25 19:06:48,3.7,0.00%,3.0,68.5,1.08,0.05,,4.38,0.07,,43.78,15.71,,15.71,,0.14,0.0,0.11,0.47,159.28,40.61,,,715.0,19.11,0.07,0.37,49.66,0.0
FESA3,,,2025-04-25 19:06:58,0.0,74.28%,0.93,9.46,13.61,1.33,,9.81,0.07,366.0,21.07,14.65,16.4,14.3,,2.68,0.71,1.82,0.51,31.34,12.42,420.0,427.0,1.093,6.33,0.49,7.69,10.27,9.87
FNAM11,,,2025-04-25 19:07:07,0.33,--,,,,,,,,,,,,,,,,,,,,,,,,,,0.0,0.0
FSRF11,,,2025-04-25 19:07:15,0.14,--,,,,,,,,,,,,,,,,,,,,,,,,,,0.0,0.0
GPCP3,,,2025-04-25 19:07:29,0.0,0,,,,,,,,,,,,,,,,,,,,,,,,,,0.0,0.0
HAGA4,,,2025-04-25 19:07:39,1.22,0.00%,0.22,4.31,5.52,0.28,,5.0,0.04,,24.9,8.68,,10.14,,2.43,0.0,2.24,0.45,227.39,5.49,,,34.0,2.48,0.07,2.66,3.37,0.0
HBTS5,,,2025-04-25 19:07:48,27.1,185.60%,1.64,70.05,16.49,0.39,,2.34,0.01,8.0,61.02,28.3,15.68,7.45,,1.38,0.0,0.68,0.03,148.97,174.44,271.0,233.0,55.0,5.79,0.75,12.89,37.13,43.48
HETA4,,,2025-04-25 19:07:58,0.0,0.00%,1.42,687.9,3.77,0.01,,0.21,0.06,3.0,100.0,17.56,84.73,25.74,,0.23,0.0,0.23,0.35,103.36,23.1,324.0,324.0,4.0,8.07,6.84,84.73,108.27,0.0
HOOT4,,,2025-04-25 19:08:07,2.73,0.00%,4.42,3.29,0.62,0.83,,87.03,0.16,142.0,68.12,49.86,87.26,53.83,,0.53,0.1,0.5,0.33,635.13,27.15,,,71.0,8.86,7.21,81.4,13.21,0.0
IDVL3,,,2025-04-25 19:08:20,0.0,0,,,,,,,,,,,,,,,,,,,,,,,,,,0.0,0.0
JBDU3,,,2025-04-25 19:08:37,0.0,0,,,,,,,,,,,,,,,,,,,,,,,,,,0.0,0.0
JBDU4,,,2025-04-25 19:08:54,0.0,0,,,,,,,,,,,,,,,,,,,,,,,,,,0.0,0.0
JOPA3,,,2025-04-25 19:09:04,22.0,19.50%,2.22,56.8,9.89,0.39,,3.78,0.01,123.0,21.13,1.31,5.58,2.28,,1.88,0.01,1.55,0.96,202.06,217.99,1.221,473.0,790.0,209.05,10.36,4.96,38.9,6.18
JOPA4,,,2025-04-25 19:09:14,0.0,21.45%,2.22,56.8,10.79,0.42,,3.78,0.01,123.0,21.13,1.31,5.58,2.28,,1.88,0.01,1.55,0.96,202.06,217.99,1.221,473.0,790.0,209.05,10.36,4.96,38.9,6.8
KLBN3,,,2025-04-25 19:09:26,3.82,88.25%,0.3,1.08,12.86,3.54,,23.7,0.03,6.616,37.52,10.42,33.68,11.55,,1.93,0.94,1.48,0.33,587.62,9.61,39.704,32.174,6.655,3.18,0.73,22.89,1.97,3.78
MEND5,,,2025-04-25 19:09:44,0.0,0,,,,,,,,,,,,,,,,,,,,,,,,,,0.0,0.0
MNDL3,,,2025-04-25 19:09:54,18.0,0.00%,0.38,16.5,49.37,1.15,,2.33,0.0,149.0,38.56,0.39,15.36,0.89,,0.84,0.0,0.54,0.67,784.58,146.0,500.0,497.0,115.0,97.77,13.45,13.76,8.67,0.0
MNPR3,,,2025-04-25 19:10:07,27.29,0.00%,1.69,43.92,16.11,0.62,,3.86,0.03,54.0,26.42,3.4,15.35,4.58,,0.36,0.0,0.32,0.95,220.15,52.82,,,382.0,49.98,6.48,12.97,29.84,0.0
MTSA4,,,2025-04-25 19:10:17,40.97,49.47%,3.47,52.26,11.6,0.77,,6.64,0.05,45.0,22.59,6.02,8.89,8.64,,4.94,1.97,3.25,0.91,20.97,63.22,,,337.0,57.68,3.67,6.36,46.65,24.52
MWET4,,,2025-04-25 19:10:27,0.0,0.00%,15.98,12.73,0.77,0.97,,125.53,0.09,69.0,5.92,11.75,25.02,13.65,,0.88,0.0,0.66,0.79,,171.15,84.0,66.0,19.0,135.95,31.58,23.23,49.41,0.0
DMMO3T,,,2025-04-25 19:10:43,0.0,0,,,,,,,,,,,,,,,,,,,,,,,,,,0.0,0.0
PEAB4,,,2025-04-25 19:10:54,0.0,64.94%,2.17,47.4,23.04,1.05,,4.58,0.03,43.0,65.09,46.82,49.21,49.58,,5.21,0.08,5.21,0.07,38.27,65.54,113.0,60.0,187.0,4.64,1.65,35.65,35.13,20.13
PNVL3,,,2025-04-25 19:11:05,9.04,64.76%,0.7,8.21,12.8,1.09,,8.55,0.03,405.0,31.79,2.13,8.2,2.28,,1.7,0.07,0.73,1.46,173.54,22.46,1.235,1.022,827.0,32.87,1.3,3.95,8.3,6.48
PNVL4,,,2025-04-25 19:11:19,0.0,0,0.7,8.21,26.54,2.27,,8.55,0.03,405.0,31.79,2.13,8.2,2.28,,1.7,0.07,0.73,1.46,173.54,22.46,1.235,1.022,827.0,32.87,1.3,3.95,8.3,0.0
RANI3,,,2025-04-25 19:11:30,7.48,41.21%,1.27,5.7,5.86,1.31,,22.28,0.08,513.0,38.43,18.71,31.53,12.75,,2.49,1.23,2.19,0.45,164.95,15.1,1.686,1.081,736.0,6.79,1.33,19.54,9.32,7.48
RANI4,,,2025-04-25 19:11:48,0.0,0,,,,,,,,,,,,,,,,,,,,,,,,,,0.0,0.0
RCSL3,,,2025-04-25 19:11:57,2.89,0.00%,0.58,0.55,5.09,5.36,,112.83,0.42,14.0,8.52,99.32,68.87,99.32,,0.64,0.0,0.21,0.42,368.16,1.47,,,9.0,0.62,0.47,74.85,1.96,0.0
RCSL4,,,2025-04-25 19:12:08,1.46,0.00%,0.58,0.55,2.58,2.71,,112.83,0.42,14.0,8.52,99.32,68.87,99.32,,0.64,0.0,0.21,0.42,368.16,1.47,,,9.0,0.62,0.47,74.85,1.96,0.0
REDE3,,,2025-04-25 19:12:20,6.5,83.38%,0.7,2.04,9.36,3.21,,30.96,0.07,,26.44,11.23,,12.71,,1.38,0.04,1.37,0.59,363.52,14.24,15.745,12.228,2.342,8.47,1.63,19.22,4.14,8.34
RPAD5,,,2025-04-25 19:12:34,6.6,331.96%,1.36,11.21,4.84,0.59,,12.17,0.12,131.0,,,,,,11.31,0.0,11.31,0.0,1.92,11.42,,,119.0,0.0,1.54,,13.53,64.5
RPAD6,,,2025-04-25 19:12:43,0.0,0.00%,1.36,11.21,2.93,0.36,,12.17,0.12,131.0,,,,,,11.31,0.0,11.31,0.0,1.92,11.42,,,119.0,0.0,1.54,,13.53,0.0
SEER3T,,,2025-04-25 19:12:53,0.0,0,,,,,,,,,,,,,,,,,,,,,,,,,,0.0,0.0
WLMM3,,,2025-04-25 19:13:06,0.0,18.72%,3.55,21.23,7.6,1.27,,16.73,0.1,217.0,11.92,4.14,6.95,6.1,,2.4,0.11,1.13,2.38,69.58,36.02,371.0,285.0,471.0,85.78,5.8,6.76,30.07,9.49
WLMM4,,,2025-04-25 19:13:14,32.99,20.60%,3.55,21.23,9.28,1.55,,16.73,0.1,217.0,11.92,4.14,6.95,6.1,,2.4,0.11,1.13,2.38,69.58,36.02,371.0,285.0,471.0,85.78,5.8,6.76,30.07,10.45
SLED3,,,2025-04-25 19:13:27,0.0,0,7.15,39.57,0.45,0.08,,18.07,1.07,67.0,47.85,92.72,91.26,63.56,,0.12,0.0,0.05,1.15,116.88,6.68,35.0,35.0,156.0,7.71,5.7,73.94,58.27,0.0
SMLS3T,,,2025-04-25 19:13:44,0.0,0,,,,,,,,,,,,,,,,,,,,,,,,,,0.0,0.0
SOND5,,,2025-04-25 19:13:57,43.0,83.09%,5.95,26.82,7.22,1.6,,22.61,0.13,25.0,27.71,7.53,13.04,13.3,,2.0,0.39,2.0,1.71,76.12,47.22,,,33.0,80.53,8.45,10.49,43.76,70.63
SOND6,,,2025-04-25 19:14:09,43.01,83.09%,5.95,26.82,7.22,1.6,,22.61,0.13,25.0,27.71,7.53,13.04,13.3,,2.0,0.39,2.0,1.71,76.12,47.22,,,33.0,80.53,8.45,10.49,43.76,70.63
SPRI3,,,2025-04-25 19:14:24,0.0,0,,,,,,,,,,,,,,,,,,,,,,,,,,0.0,0.0
TCNO4,,,2025-04-25 19:14:44,0.0,0,,,,,,123.36,0.0,,,,,,,0.28,0.0,0.26,0.0,,,33.0,33.0,101.0,,,,0.0,0.0
TELB3,,,2025-04-25 19:14:55,13.94,0.00%,0.77,17.16,18.09,0.81,,4.49,0.02,288.0,52.16,16.07,69.64,16.07,,5.65,1.35,5.65,0.1,175.98,47.35,55.0,1.193,1.461,4.8,0.21,4.46,12.59,0.0
TOYB4,,,2025-04-25 19:15:09,0.0,0,,,,,,,,,,,,,,,,,,,,,,,,,,0.0,0.0
TRPL3,,,2025-04-25 19:15:22,0.0,0,,,,,,,,,,,,,,,,,,,,,,,,,,0.0,0.0
UNIP5,,,2025-04-25 19:15:33,55.0,53.46%,4.91,24.66,11.2,2.23,,19.8,0.08,946.0,27.11,10.26,17.43,14.43,,2.88,0.83,2.48,0.76,152.74,62.84,2.317,733.0,1.914,47.99,5.52,11.51,38.12,37.5
USIM6,,,2025-04-25 19:15:43,0.0,39.87%,0.12,19.06,72.21,0.44,,0.01,0.0,1.725,6.42,0.01,6.67,0.37,,3.64,1.09,2.09,0.65,49.42,31.82,6.768,814.0,12.647,20.64,0.4,1.93,5.24,0.68
VULC3,,,2025-04-25 19:15:52,17.1,155.49%,2.07,7.66,8.27,2.23,,27.0,0.19,686.0,41.93,18.69,22.53,19.78,,3.18,0.46,2.21,1.02,41.84,10.86,336.0,29.0,1.458,11.06,2.11,19.04,13.79,45.98
VVAR3,,,2025-04-25 19:16:09,0.0,0,,,,,,,,,,,,,,,,,,,,,,,,,,0.0,0.0
WHRL4,,,2025-04-25 19:16:17,4.45,80.30%,0.6,1.79,7.43,2.51,,33.79,0.09,1.216,17.09,7.04,9.41,7.64,,1.05,0.48,0.84,1.22,292.08,7.03,1.091,2.286,377.0,8.61,0.69,8.01,3.59,6.88
ALMI11,,,2025-04-25 19:16:33,608.07,--,,,,,,,,,,,,,,,,,,,,,,,,,,0.0,0.0
ANCR11B,,,2025-04-25 19:16:48,0.0,0,,,,,,,,,,,,,,,,,,,,,,,,,,0.0,0.0
ATSA11B,,,2025-04-25 19:16:58,0.0,0,,,,,,,,,,,,,,,,,,,,,,,,,,0.0,0.0
BBFI11B,,,2025-04-25 19:17:12,0.0,0,,,,,,,,,,,,,,,,,,,,,,,,,,0.0,0.0
BCFF11,,,2025-04-25 19:17:22,0.0,0,,,,,,,,,,,,,,,,,,,,,,,,,,0.0,0.0
BMLC11B,,,2025-04-25 19:17:39,0.0,0,,,,,,,,,,,,,,,,,,,,,,,,,,0.0,0.0
CEOC11,,,2025-04-25 19:17:52,39.42,--,,,,,,,,,,,,,,,,,,,,,,,,,,0.0,0.0
CNES11,,,2025-04-25 19:18:03,1.01,--,,,,,,,,,,,,,,,,,,,,,,,,,,0.0,0.0
MRSA6BF,,,2025-04-25 19:18:14,25.0,--,,,,,,,,,,,,,,,,,,,,,,,,,,0.0,0.0
CPTS11B,,,2025-04-25 19:18:24,0.0,0,,,,,,,,,,,,,,,,,,,,,,,,,,0.0,0.0
CXCE11B,,,2025-04-25 19:18:41,0.0,0,,,,,,,,,,,,,,,,,,,,,,,,,,0.0,0.0
DRIT11B,,,2025-04-25 19:18:53,0.0,0,,,,,,,,,,,,,,,,,,,,,,,,,,0.0,0.0
EDFO11B,,,2025-04-25 19:19:09,0.0,0,,,,,,,,,,,,,,,,,,,,,,,,,,0.0,0.0
EDGA11,,,2025-04-25 19:19:18,17.0,--,,,,,,,,,,,,,,,,,,,,,,,,,,0.0,0.0
ENMA3B,,,2025-04-25 19:19:31,0.0,0,,,,,,,,,,,,,,,,,,,,,,,,,,0.0,0.0
FAED11,,,2025-04-25 19:19:41,135.9,--,,,,,,,,,,,,,,,,,,,,,,,,,,0.0,0.0
FAMB11B,,,2025-04-25 19:19:56,0.0,0,,,,,,,,,,,,,,,,,,,,,,,,,,0.0,0.0
FCFL11,,,2025-04-25 19:20:05,115.0,--,,,,,,,,,,,,,,,,,,,,,,,,,,0.0,0.0
FEXC11,,,2025-04-25 19:20:30,0.0,0,,,,,,,,,,,,,,,,,,,,,,,,,,0.0,0.0
FIIP11B,,,2025-04-25 19:20:45,0.0,0,,,,,,,,,,,,,,,,,,,,,,,,,,0.0,0.0
FLRP11,,,2025-04-25 19:20:57,1980.0,--,,,,,,,,,,,,,,,,,,,,,,,,,,0.0,0.0
FVBI11,,,2025-04-25 19:21:14,0.0,0,,,,,,,,,,,,,,,,,,,,,,,,,,0.0,0.0
HCRI11,,,2025-04-25 19:21:26,253.37,--,,,,,,,,,,,,,,,,,,,,,,,,,,0.0,0.0
HTMX11,,,2025-04-25 19:21:35,141.0,--,,,,,,,,,,,,,,,,,,,,,,,,,,0.0,0.0
JRDM11,,,2025-04-25 19:21:49,0.0,0,,,,,,,,,,,,,,,,,,,,,,,,,,0.0,0.0
MAXR11,,,2025-04-25 19:21:59,65.52,--,,,,,,,,,,,,,,,,,,,,,,,,,,0.0,0.0
NSLU11,,,2025-04-25 19:22:09,155.97,--,,,,,,,,,,,,,,,,,,,,,,,,,,0.0,0.0
TRNT11,,,2025-04-25 19:22:18,93.0,--,,,,,,,,,,,,,,,,,,,,,,,,,,0.0,0.0
WPLZ11B,,,2025-04-25 19:22:28,0.0,0,,,,,,,,,,,,,,,,,,,,,,,,,,0.0,0.0
ARNC34,,,2025-04-25 19:22:40,772.16,6.44%,,,,,,,,,,,,,,,,,,,,,,,,,,0.0,0.0
ABBV34,,,2025-04-25 19:22:52,66.06,180.58%,,,,,,,,,,,,,,,,,,,,,,,,,,0.0,0.0
BBYY34,,,2025-04-25 19:23:03,368.85,62.13%,,,,,,,,,,,,,,,,,,,,,,,,,,0.0,0.0
BCRI11,,,2025-04-25 19:23:13,67.9,--,,,,,,,,,,,,,,,,,,,,,,,,,,0.0,0.0
BIIB34,,,2025-04-25 19:23:26,0.0,0.00%,,,,,,,,,,,,,,,,,,,,,,,,,,0.0,0.0
BLAK34,,,2025-04-25 19:23:38,77.39,34.99%,,,,,,,,,,,,,,,,,,,,,,,,,,0.0,0.0
CHKE34,,,2025-04-25 19:23:53,0.0,0,,,,,,,,,,,,,,,,,,,,,,,,,,0.0,0.0
COWC34,,,2025-04-25 19:24:04,139.44,18.75%,,,,,,,,,,,,,,,,,,,,,,,,,,0.0,0.0
CTSH34,,,2025-04-25 19:24:17,0.0,18.70%,,,,,,,,,,,,,,,,,,,,,,,,,,0.0,0.0
CVSH34,,,2025-04-25 19:24:29,37.25,51.19%,,,,,,,,,,,,,,,,,,,,,,,,,,0.0,0.0
CXRI11,,,2025-04-25 19:24:39,63.78,--,,,,,,,,,,,,,,,,,,,,,,,,,,0.0,0.0
DEAI34,,,2025-04-25 19:24:54,0.0,6.77%,,,,,,,,,,,,,,,,,,,,,,,,,,0.0,0.0
FSLR34,,,2025-04-25 19:25:07,395.01,0.00%,,,,,,,,,,,,,,,,,,,,,,,,,,0.0,0.0
GILD34,,,2025-04-25 19:25:21,291.58,570.70%,,,,,,,,,,,,,,,,,,,,,,,,,,0.0,0.0
GOGL34,,,2025-04-25 19:25:32,76.8,5.29%,,,,,,,,,,,,,,,,,,,,,,,,,,0.0,0.0
GOGL35,,,2025-04-25 19:25:44,77.81,5.29%,,,,,,,,,,,,,,,,,,,,,,,,,,0.0,0.0
GPSI34,,,2025-04-25 19:25:54,117.1,18.93%,,,,,,,,,,,,,,,,,,,,,,,,,,0.0,0.0
JCPC34,,,2025-04-25 19:26:11,0.0,0,,,,,,,,,,,,,,,,,,,,,,,,,,0.0,0.0
MACY34,,,2025-04-25 19:26:25,63.2,23.67%,,,,,,,,,,,,,,,,,,,,,,,,,,0.0,0.0
MDTC34,,,2025-04-25 19:26:36,0.0,64.55%,,,,,,,,,,,,,,,,,,,,,,,,,,0.0,0.0
RIGG34,,,2025-04-25 19:26:49,12.97,0.00%,,,,,,,,,,,,,,,,,,,,,,,,,,0.0,0.0
ROST34,,,2025-04-25 19:27:03,398.64,16.40%,,,,,,,,,,,,,,,,,,,,,,,,,,0.0,0.0
SANC34,,,2025-04-25 19:27:12,0.0,0,,,,,,,,,,,,,,,,,,,,,,,,,,0.0,0.0
SCHW34,,,2025-04-25 19:27:24,56.98,21.43%,,,,,,,,,,,,,,,,,,,,,,,,,,0.0,0.0
SPRN34,,,2025-04-25 19:27:41,0.0,0,,,,,,,,,,,,,,,,,,,,,,,,,,0.0,0.0
SSFO34,,,2025-04-25 19:27:53,69.37,17.79%,,,,,,,,,,,,,,,,,,,,,,,,,,0.0,0.0
TMOS34,,,2025-04-25 19:28:04,50.28,6.61%,,,,,,,,,,,,,,,,,,,,,,,,,,0.0,0.0
TRVC34,,,2025-04-25 19:28:14,45.85,16.23%,,,,,,,,,,,,,,,,,,,,,,,,,,0.0,0.0
USSX34,,,2025-04-25 19:28:29,238.46,8.98%,,,,,,,,,,,,,,,,,,,,,,,,,,0.0,0.0
VLOE34,,,2025-04-25 19:28:41,0.0,105.88%,,,,,,,,,,,,,,,,,,,,,,,,,,0.0,0.0
WSON33,,,2025-04-25 19:28:57,0.0,0,,,,,,,,,,,,,,,,,,,,,,,,,,0.0,0.0
AALR3,,,2025-04-25 19:29:08,6.32,0.00%,0.81,7.19,7.95,0.89,,9.78,0.04,215.0,29.22,9.14,17.69,7.84,,1.04,0.17,1.02,0.42,154.15,18.96,721.0,606.0,28.0,7.99,0.74,9.29,8.36,0.0
AFLT3,,,2025-04-25 19:29:18,6.77,99.90%,0.54,4.01,12.51,1.68,,13.45,0.1,43.0,55.71,39.57,50.96,51.97,,3.91,0.41,3.91,0.25,35.52,5.43,30.0,23.0,52.0,1.36,0.69,50.73,5.1,7.71
BGIP3,,,2025-04-25 19:29:30,0.0,22.77%,7.51,41.49,3.66,0.66,,18.11,0.01,,38.64,11.39,,16.06,,0.98,,,0.11,,600.59,,,149.0,65.98,,,61.15,24.43
BNFS11,,,2025-04-25 19:29:39,71.0,--,,,,,,,,,,,,,,,,,,,,,,,,,,0.0,0.0
CBOP11,,,2025-04-25 19:29:49,25.0,--,,,,,,,,,,,,,,,,,,,,,,,,,,0.0,0.0
CEBR3,,,2025-04-25 19:29:59,20.19,67.25%,2.42,14.78,8.23,1.35,,17.15,0.15,,55.1,64.37,,83.06,,7.28,6.14,7.02,0.24,12.89,20.6,,,724.0,4.86,3.07,63.1,20.72,23.25
CEDO3,,,2025-04-25 19:30:12,28.3,0.00%,11.05,30.9,2.56,0.92,,35.61,0.12,188.0,29.63,10.67,18.18,7.92,,1.24,0.02,0.62,1.1,203.95,94.41,380.0,364.0,73.0,103.68,16.52,15.94,64.01,0.0
ESUD11,,,2025-04-25 19:30:21,0.0,--,,,,,,,,,,,,,,,,,,,,,,,,,,0.0,0.0
ESUT11,,,2025-04-25 19:30:33,0.0,--,,,,,,,,,,,,,,,,,,,,,,,,,,0.0,0.0
FIIB11,,,2025-04-25 19:30:42,501.92,--,,,,,,,,,,,,,,,,,,,,,,,,,,0.0,0.0
FIVN11,,,2025-04-25 19:30:52,2.22,--,,,,,,,,,,,,,,,,,,,,,,,,,,0.0,0.0
FMOF11,,,2025-04-25 19:30:59,0.0,--,,,,,,,,,,,,,,,,,,,,,,,,,,0.0,0.0
FNOR11,,,2025-04-25 19:31:12,0.87,--,,,,,,,,,,,,,,,,,,,,,,,,,,0.0,0.0
FSPE11,,,2025-04-25 19:31:20,0.0,--,,,,,,,,,,,,,,,,,,,,,,,,,,0.0,0.0
FSTU11,,,2025-04-25 19:31:29,0.0,--,,,,,,,,,,,,,,,,,,,,,,,,,,0.0,0.0
GPAR3,,,2025-04-25 19:31:46,0.0,0.00%,0.47,9.83,53.19,2.54,,4.78,0.04,,53.61,119.78,,129.88,,25.29,0.01,25.29,0.04,7.79,10.6,13.0,195.0,249.0,0.39,0.2,50.85,7.45,0.0
GRLV11,,,2025-04-25 19:31:58,0.0,0,,,,,,,,,,,,,,,,,,,,,,,,,,0.0,0.0
MAPT3,,,2025-04-25 19:32:10,0.0,0.00%,0.17,6.97,18.44,0.46,,2.5,0.21,,,,,,,0.08,0.08,0.08,0.0,112.09,0.84,,,1.0,0.0,0.17,,3.77,0.0
MMXM11,,,2025-04-25 19:32:23,0.0,0,,,,,,,,,,,,,,,,,,,,,,,,,,0.0,0.0
PABY11,,,2025-04-25 19:32:34,0.0,0.00%,,,,,,,,,,,,,,,,,,,,,,,,,,0.0,0.0
PATI4,,,2025-04-25 19:32:45,30.0,201.17%,3.54,32.14,8.48,0.93,,11.01,0.05,143.0,12.38,4.01,6.78,5.69,,2.28,0.05,1.72,1.3,110.29,67.58,482.0,22.0,675.0,88.15,5.37,6.09,36.95,101.73
PLRI11,,,2025-04-25 19:32:57,15.05,--,,,,,,,,,,,,,,,,,,,,,,,,,,0.0,0.0
PORD11,,,2025-04-25 19:33:08,8.28,--,,,,,,,,,,,,,,,,,,,,,,,,,,0.0,0.0
RBDS11,,,2025-04-25 19:33:19,2.2,--,,,,,,,,,,,,,,,,,,,,,,,,,,0.0,0.0
RPAD3,,,2025-04-25 19:33:32,4.2,0.00%,1.36,11.21,3.12,0.38,,12.17,0.12,131.0,,,,,,11.31,0.0,11.31,0.0,1.92,11.42,,,119.0,0.0,1.54,,13.53,0.0
SCPF11,,,2025-04-25 19:33:43,2.06,--,,,,,,,,,,,,,,,,,,,,,,,,,,0.0,0.0
VSPT3,,,2025-04-25 19:33:52,0.0,0,1.66,9.38,,,,17.66,0.04,1.259,23.08,6.06,32.25,5.73,,0.7,0.32,0.59,0.6,381.92,45.21,600.0,83.0,497.0,27.35,3.6,13.16,13.67,0.0
XPOM11,,,2025-04-25 19:34:09,0.0,0,,,,,,,,,,,,,,,,,,,,,,,,,,0.0,0.0
POMO10,,,2025-04-25 19:34:25,0.0,0,,,,,,,,,,,,,,,,,,,,,,,,,,0.0,0.0
AIGB34,,,2025-04-25 19:34:38,468.0,26.75%,,,,,,,,,,,,,,,,,,,,,,,,,,0.0,0.0
DUKB34,,,2025-04-25 19:34:52,0.0,51.26%,,,,,,,,,,,,,,,,,,,,,,,,,,0.0,0.0
MOVI3,,,2025-04-25 19:35:03,7.18,32.00%,0.64,6.88,10.88,1.01,,9.29,0.01,4.7,29.79,1.72,34.87,2.3,,0.75,0.07,0.75,0.44,,84.39,20.491,16.2,2.302,37.21,7.23,19.43,7.27,2.93
PARD3,,,2025-04-25 19:35:19,0.0,0,,,,,,14.46,0.06,438.0,26.45,7.0,20.8,9.34,,0.9,0.35,0.86,0.82,152.97,,541.0,183.0,100.0,,,13.31,0.0,0.0
BPAC11,,,2025-04-25 19:35:30,36.6,--,0.93,5.72,38.66,6.31,,16.82,0.02,,38.87,31.97,,37.0,,0.98,,,0.05,,56.42,,,7.794,3.01,,,7.99,0.0
PPLA11,,,2025-04-25 19:35:40,1.17,--,,,,,,,,,,,,,,,,,,,,,,,,,,0.0,0.0
AALL34,,,2025-04-25 19:35:52,55.49,0.00%,,,,,,,,,,,,,,,,,,,,,,,,,,0.0,0.0
GMCO34,,,2025-04-25 19:36:07,65.31,5.32%,,,,,,,,,,,,,,,,,,,,,,,,,,0.0,0.0
LBRN34,,,2025-04-25 19:36:22,0.0,0,,,,,,,,,,,,,,,,,,,,,,,,,,0.0,0.0
TWTR34,,,2025-04-25 19:36:38,0.0,0,,,,,,,,,,,,,,,,,,,,,,,,,,0.0,0.0
UPAC34,,,2025-04-25 19:36:50,301.5,33.95%,,,,,,,,,,,,,,,,,,,,,,,,,,0.0,0.0
RNEW3,,,2025-04-25 19:37:01,0.86,0.00%,0.47,3.27,1.83,0.26,,14.35,0.04,122.0,11.91,45.16,47.1,48.94,,0.79,0.4,0.79,0.08,275.19,12.27,1.144,994.0,75.0,1.04,0.07,6.49,4.29,0.0
RNEW4,,,2025-04-25 19:37:12,0.83,0.00%,0.47,3.27,1.77,0.25,,14.35,0.04,122.0,11.91,45.16,47.1,48.94,,0.79,0.4,0.79,0.08,275.19,12.27,1.144,994.0,75.0,1.04,0.07,6.49,4.29,0.0
AZUL4,,,2025-04-25 19:37:25,1.95,0.00%,7.24,24.06,0.33,0.1,,30.07,0.35,5.954,26.71,46.87,30.5,47.07,,0.27,0.06,0.22,0.74,186.33,20.78,36.484,35.202,15.685,15.44,2.68,17.36,45.72,0.0
KNIP11,,,2025-04-25 19:37:36,90.96,--,,,,,,,,,,,,,,,,,,,,,,,,,,0.0,0.0
TEND3,,,2025-04-25 19:37:49,16.2,20.65%,0.87,7.72,19.65,2.21,,10.53,0.02,363.0,27.14,3.07,11.07,3.78,,1.64,0.05,1.0,0.61,459.3,43.64,1.213,363.0,1.247,26.79,2.41,8.99,8.98,2.57
TSLA34,,,2025-04-25 19:37:59,50.4,0.00%,,,,,,,,,,,,,,,,,,,,,,,,,,0.0,0.0
CRFB3,,,2025-04-25 19:38:09,8.64,11.43%,0.83,9.87,10.42,0.88,,8.58,0.02,6.105,18.31,1.68,5.28,1.3,,1.0,0.3,0.75,1.15,343.04,47.5,24.965,9.757,61.0,54.83,2.03,3.69,9.91,1.36
GBIO33,,,2025-04-25 19:38:28,0.0,0,,,,,,,,,,,,,,,,,,,,,,,,,,0.0,0.0
OMGE3,,,2025-04-25 19:38:48,0.0,0,,,,,,13.33,0.05,1.939,32.09,18.17,51.5,23.92,,2.03,0.87,2.03,0.28,159.95,,6.44,5.208,1.451,,,37.97,0.0,0.0
IRBR3,,,2025-04-25 19:38:58,48.08,0.00%,9.85,60.19,4.8,0.78,,16.36,0.05,886.0,,,,,,1.05,0.0,,,233.87,200.96,,,224.0,,9.66,,84.35,0.0
GGRC11,,,2025-04-25 19:39:07,9.87,--,,,,,,,,,,,,,,,,,,,,,,,,,,0.0,0.0
GEPA3,,,2025-04-25 19:39:20,33.0,210.40%,0.0,0.0,7.23,1.95,,27.05,0.12,0.0,37.69,35.81,70.08,44.23,,0.53,0.4,0.53,0.34,122.5,0.0,768.0,308.0,545.0,0.0,0.0,47.9,0.0,0.0
SAPR3,,,2025-04-25 19:39:30,5.96,29.95%,1.02,7.17,5.73,0.82,,14.27,0.08,2.936,57.79,22.57,42.88,30.4,,1.78,0.97,1.74,0.33,89.39,13.57,6.631,4.83,1.445,4.53,1.57,34.7,9.37,4.36
CAML3,,,2025-04-25 19:39:41,4.27,29.67%,0.99,10.15,4.36,0.43,,9.8,0.03,,20.35,2.91,,2.5,,2.04,0.52,1.21,1.0,234.75,33.98,6.197,4.366,3.623,34.14,2.01,5.88,10.98,4.2
VISC11,,,2025-04-25 19:39:50,104.8,40.85%,,,,,,,,,,,,,,,,,,,,,,,,,,0.0,0.0
SUZB3,,,2025-04-25 19:40:03,51.28,36.03%,5.6,25.54,9.34,2.05,,21.73,0.04,24.915,42.19,14.86,52.56,27.66,,1.72,0.37,1.4,0.29,411.9,131.27,101.435,79.445,17.705,37.5,12.41,33.1,41.43,28.82
SAPR11,,,2025-04-25 19:40:13,29.73,--,1.02,7.17,28.55,4.07,,14.27,0.08,2.936,57.79,22.57,42.88,30.4,,1.78,0.97,1.74,0.33,89.39,13.57,6.631,4.83,1.445,4.53,1.57,34.7,9.37,0.0
BRDT3,,,2025-04-25 19:40:30,0.0,0,,,,,,,,,,,,,,,,,,,,,,,,,,0.0,0.0
NEOE3,,,2025-04-25 19:40:41,22.13,22.54%,2.99,26.89,7.36,0.82,,11.24,0.03,12.573,26.73,7.52,25.66,9.61,,1.22,0.38,1.22,0.45,234.51,90.25,52.6,44.774,4.425,40.36,7.99,19.8,31.06,9.63
BKBR3,,,2025-04-25 19:40:59,0.0,0,,,,,,,,,,,,,,,,,,,,,,,,,,0.0,0.0
FMXB34,,,2025-04-25 19:41:11,0.0,47.09%,,,,,,,,,,,,,,,,,,,,,,,,,,0.0,0.0
CLGN34,,,2025-04-25 19:41:24,0.0,0,,,,,,,,,,,,,,,,,,,,,,,,,,0.0,0.0
HONB34,,,2025-04-25 19:41:34,0.0,35.07%,,,,,,,,,,,,,,,,,,,,,,,,,,0.0,0.0
ALZR11,,,2025-04-25 19:41:46,98.2,--,,,,,,,,,,,,,,,,,,,,,,,,,,0.0,0.0
GFSA1,,,2025-04-25 19:42:02,0.0,0,,,,,,,,,,,,,,,,,,,,,,,,,,0.0,0.0
DDNB34,,,2025-04-25 19:42:16,374.04,60.61%,,,,,,,,,,,,,,,,,,,,,,,,,,0.0,0.0
UBSG34,,,2025-04-25 19:42:30,173.25,72.77%,,,,,,,,,,,,,,,,,,,,,,,,,,0.0,0.0
TXRX4,,,2025-04-25 19:42:40,1.8,0.00%,,,,,,,,,,,,,,,,,,,,,,,,,,0.0,0.0
OUJP11,,,2025-04-25 19:42:50,78.57,--,,,,,,,,,,,,,,,,,,,,,,,,,,0.0,0.0
BCIA11,,,2025-04-25 19:42:59,86.15,--,,,,,,,,,,,,,,,,,,,,,,,,,,0.0,0.0
BOXP34,,,2025-04-25 19:43:12,37.6,"3,095.51%",,,,,,,,,,,,,,,,,,,,,,,,,,0.0,0.0
GPRO34,,,2025-04-25 19:43:23,3.54,0.00%,,,,,,,,,,,,,,,,,,,,,,,,,,0.0,0.0
MSPA3,,,2025-04-25 19:43:42,0.0,61.70%,0.52,132.18,90.89,0.36,,0.39,0.0,50.0,35.81,2.03,31.05,11.19,,1.28,0.48,1.03,0.11,68.2,222.32,176.0,130.0,27.0,25.47,5.41,21.23,28.72,4.58
HFOF11,,,2025-04-25 19:43:57,57.4,424.71%,,,,,,,,,,,,,,,,,,,,,,,,,,0.0,0.0
RBRF11,,,2025-04-25 19:44:08,6.97,280.00%,,,,,,,,,,,,,,,,,,,,,,,,,,0.0,0.0
HAPV3,,,2025-04-25 19:44:20,2.41,0.00%,0.09,6.46,28.33,0.38,,1.33,0.01,2.194,11.42,2.25,7.59,1.62,,2.11,0.11,2.04,0.39,50.99,9.75,12.754,3.98,5.82,3.84,0.1,2.56,2.64,0.0
GNDI3,,,2025-04-25 19:44:39,0.0,0,,,,,,0.16,0.0,776.0,18.55,0.09,6.4,1.19,,1.17,0.16,1.11,0.69,145.41,,3.779,1.946,521.0,,,3.28,0.0,0.0
BIDI4,,,2025-04-25 19:44:54,0.0,0,,,,,,0.51,0.0,,71.16,1.85,,8.59,,,,,0.05,,,,,,,,,0.0,0.0
JPSA3,,,2025-04-25 19:45:07,0.0,0,,,,,,,,,,,,,,,,,,,,,,,,,,0.0,0.0
GPIV33,,,2025-04-25 19:45:20,3.92,0.00%,,,,,,,,,,,,,,,,,,,,,,,,,,0.0,0.0
IRDM11,,,2025-04-25 19:45:28,67.87,237.27%,,,,,,,,,,,,,,,,,,,,,,,,,,0.0,0.0
FOFT11,,,2025-04-25 19:45:39,0.0,0,,,,,,,,,,,,,,,,,,,,,,,,,,0.0,0.0
THRA11,,,2025-04-25 19:45:51,0.0,0,,,,,,,,,,,,,,,,,,,,,,,,,,0.0,0.0
TAEE4,,,2025-04-25 19:46:04,11.94,48.80%,1.64,6.71,7.35,1.79,,24.41,0.08,2.888,66.49,45.56,77.68,50.09,,1.23,0.3,1.23,0.18,194.42,19.77,9.799,9.048,559.0,3.6,2.77,77.01,11.49,11.43
BIDI4T,,,2025-04-25 19:46:18,0.0,0,,,,,,,,,,,,,,,,,,,,,,,,,,0.0,0.0
XPLG11,,,2025-04-25 19:46:27,102.95,81.38%,,,,,,,,,,,,,,,,,,,,,,,,,,0.0,0.0
RBRR11,,,2025-04-25 19:46:35,85.0,--,,,,,,,,,,,,,,,,,,,,,,,,,,0.0,0.0
WPLZ11,,,2025-04-25 19:46:45,50.6,--,,,,,,,,,,,,,,,,,,,,,,,,,,0.0,0.0
MGFF11,,,2025-04-25 19:46:58,0.0,0,,,,,,,,,,,,,,,,,,,,,,,,,,0.0,0.0
TGAR11,,,2025-04-25 19:47:09,90.13,--,,,,,,,,,,,,,,,,,,,,,,,,,,0.0,0.0
HGRU11,,,2025-04-25 19:47:22,123.49,63.12%,,,,,,,,,,,,,,,,,,,,,,,,,,0.0,0.0
ALUP3,,,2025-04-25 19:47:33,10.34,40.65%,1.1,8.33,9.26,1.22,,15.86,0.06,3.07,72.64,46.47,76.73,48.51,,2.04,0.26,2.04,0.13,161.77,31.03,12.729,9.185,3.19,4.05,2.93,72.28,10.49,6.39
ALUP4,,,2025-04-25 19:47:44,9.99,40.65%,1.1,8.33,8.91,1.17,,15.86,0.06,3.07,72.64,46.47,76.73,48.51,,2.04,0.26,2.04,0.13,161.77,31.03,12.729,9.185,3.19,4.05,2.93,72.28,10.49,6.39
LOGG3,,,2025-04-25 19:47:56,20.01,67.03%,3.91,40.82,5.14,0.49,,9.55,0.05,493.0,97.57,156.72,224.63,180.59,,1.45,0.27,1.22,0.03,87.89,77.1,2.066,1.839,380.0,2.5,5.55,222.05,43.76,37.44
KNHY11,,,2025-04-25 19:48:06,101.39,94.27%,,,,,,,,,,,,,,,,,,,,,,,,,,0.0,0.0
OUCY11,,,2025-04-25 19:48:20,0.0,0,,,,,,,,,,,,,,,,,,,,,,,,,,0.0,0.0
FVPQ11,,,2025-04-25 19:48:28,53.54,--,,,,,,,,,,,,,,,,,,,,,,,,,,0.0,0.0
TASA13,,,2025-04-25 19:48:45,0.0,0,,,,,,,,,,,,,,,,,,,,,,,,,,0.0,0.0
TASA15,,,2025-04-25 19:49:02,0.0,0,,,,,,,,,,,,,,,,,,,,,,,,,,0.0,0.0
TASA17,,,2025-04-25 19:49:18,0.0,0,,,,,,,,,,,,,,,,,,,,,,,,,,0.0,0.0
CARE11,,,2025-04-25 19:49:30,1.32,--,,,,,,,,,,,,,,,,,,,,,,,,,,0.0,0.0
TAEE3,,,2025-04-25 19:49:39,12.0,48.80%,1.64,6.71,7.29,1.78,,24.41,0.08,2.888,66.49,45.56,77.68,50.09,,1.23,0.3,1.23,0.18,194.42,19.77,9.799,9.048,559.0,3.6,2.77,77.01,11.49,11.43
XPIN11,,,2025-04-25 19:49:49,68.85,--,,,,,,,,,,,,,,,,,,,,,,,,,,0.0,0.0
VSHO11,,,2025-04-25 19:49:58,70.19,78.29%,,,,,,,,,,,,,,,,,,,,,,,,,,0.0,0.0
DMMO11,,,2025-04-25 19:50:18,0.0,0,,,,,,,,,,,,,,,,,,,,,,,,,,0.0,0.0
AZEV3,,,2025-04-25 19:50:26,0.7,0.00%,0.45,0.23,1.47,2.87,,195.4,0.39,225.0,1.68,175.53,147.91,228.75,,0.4,0.01,0.35,0.22,404.64,1.16,109.0,106.0,188.0,0.26,0.45,174.05,1.11,0.0
AHEB3,,,2025-04-25 19:50:36,0.0,0.00%,17.58,28.61,2.56,1.57,,61.47,0.27,,24.75,20.68,,19.58,,4.61,1.19,4.61,1.31,127.66,65.13,4.0,87.0,275.0,85.02,17.06,20.06,77.69,0.0
BALM3,,,2025-04-25 19:50:49,14.04,24.00%,3.23,18.16,5.1,0.91,,16.76,0.1,,61.63,15.05,,20.3,,2.83,0.23,1.99,0.68,64.24,29.25,16.0,61.0,136.0,19.84,3.67,18.51,26.53,11.07
BPAC3,,,2025-04-25 19:51:00,19.95,17.55%,0.93,5.72,21.05,3.43,,16.82,0.02,,38.87,31.97,,37.0,,0.98,,,0.05,,56.42,,,7.794,3.01,,,7.99,2.33
EALT3,,,2025-04-25 19:51:12,14.0,6.65%,2.96,13.14,4.73,1.07,,22.51,0.11,125.0,29.66,11.79,22.17,14.44,,1.16,0.06,0.71,0.91,109.32,27.5,120.0,108.0,35.0,25.08,4.49,17.91,21.6,2.81
ECPR3,,,2025-04-25 19:51:23,0.0,0,,,,,,12.28,0.06,11.0,,,,,,2.97,1.53,2.97,0.0,95.32,,0.0,1.0,0.0,,,,0.0,0.0
HAGA3,,,2025-04-25 19:51:36,2.04,0.00%,0.22,4.31,9.65,0.48,,5.0,0.04,,24.9,8.68,,10.14,,2.43,0.0,2.24,0.45,227.39,5.49,,,34.0,2.48,0.07,2.66,3.37,0.0
ITEC3,,,2025-04-25 19:51:55,0.0,0,,,,,,,,,,,,,,,,,,,,,,,,,,0.0,0.0
LIPR3,,,2025-04-25 19:52:06,0.0,17.69%,2.21,19.28,18.69,2.15,,11.48,0.1,22.0,,,,,,4.32,0.01,4.32,0.0,10.06,21.23,,,63.0,0.0,1.92,,22.61,5.58
PATI3,,,2025-04-25 19:52:17,0.0,142.91%,3.54,32.14,8.06,0.89,,11.01,0.05,143.0,12.38,4.01,6.78,5.69,,2.28,0.05,1.72,1.3,110.29,67.58,482.0,22.0,675.0,88.15,5.37,6.09,36.95,72.27
PEAB3,,,2025-04-25 19:52:28,41.0,57.19%,2.17,47.4,18.8,0.86,,4.58,0.03,43.0,65.09,46.82,49.21,49.58,,5.21,0.08,5.21,0.07,38.27,65.54,113.0,60.0,187.0,4.64,1.65,35.65,35.13,17.73
SULA3,,,2025-04-25 19:52:44,0.0,0,,,,,,2.17,0.01,895.0,4.25,0.83,4.08,0.37,,2.29,0.08,2.29,0.73,261.17,,3.058,14.273,11.137,,,3.34,0.0,0.0
BPAC5,,,2025-04-25 19:52:53,8.25,17.55%,0.93,5.72,8.74,1.43,,16.82,0.02,,38.87,31.97,,37.0,,0.98,,,0.05,,56.42,,,7.794,3.01,,,7.99,2.33
BRGE11,,,2025-04-25 19:53:03,0.0,0,0.4,17.98,33.11,0.73,,2.61,0.02,16.0,,,448.69,,,3.06,0.01,3.06,0.0,58.81,40.59,,,1.141,0.05,0.39,798.17,9.29,0.0
BRGE12,,,2025-04-25 19:53:12,0.0,0,0.4,17.98,33.84,0.75,,2.61,0.02,16.0,,,448.69,,,3.06,0.01,3.06,0.0,58.81,40.59,,,1.141,0.05,0.39,798.17,9.29,0.0
BRGE6,,,2025-04-25 19:53:22,0.0,0,0.4,17.98,32.46,0.72,,2.61,0.02,16.0,,,448.69,,,3.06,0.01,3.06,0.0,58.81,40.59,,,1.141,0.05,0.39,798.17,9.29,0.0
CELP6,,,2025-04-25 19:53:35,0.0,0,,,,,,,,,,,,,,,,,,,,,,,,,,0.0,0.0
CELP7,,,2025-04-25 19:53:50,0.0,0,,,,,,,,,,,,,,,,,,,,,,,,,,0.0,0.0
CORR4,,,2025-04-25 19:54:01,0.0,0,,,,,,152.84,0.44,8.0,100.0,,,,,4.25,0.0,4.25,0.02,245.94,,,,9.0,,,,0.0,0.0
EEEL4,,,2025-04-25 19:54:19,0.0,0,,,,,,18.29,0.07,998.0,54.78,25.07,48.34,33.8,,1.32,0.16,1.26,0.26,176.09,,3.363,3.043,363.0,,,48.1,0.0,0.0
ENMT4,,,2025-04-25 19:54:31,0.0,59.26%,4.97,19.46,16.1,4.11,,25.54,0.08,,27.86,13.25,,14.82,,1.53,0.04,1.52,0.58,232.52,64.7,6.895,5.305,1.4,37.52,7.89,21.02,34.07,42.07
LUXM4,,,2025-04-25 19:54:42,0.0,12.45%,1.79,7.37,6.72,1.63,,24.25,0.18,36.0,30.1,27.21,26.97,19.97,,0.97,0.41,0.96,0.66,36.05,10.02,5.0,6.0,1.0,6.57,1.04,15.8,12.58,3.18
MEND6,,,2025-04-25 19:54:57,0.0,0,,,,,,,,,,,,,,,,,,,,,,,,,,0.0,0.0
MERC4,,,2025-04-25 19:55:09,0.0,86.36%,0.61,14.04,15.82,0.69,,4.37,0.03,,71.92,29.25,,46.07,,,,,0.1,,20.54,,,,2.1,,,10.14,7.53
RSUL4,,,2025-04-25 19:55:20,70.0,22.00%,9.67,38.84,7.03,1.75,,24.9,0.15,91.0,41.53,15.43,24.03,22.73,,2.8,0.02,1.54,0.96,67.51,65.06,17.0,42.0,138.0,62.7,13.98,22.3,67.13,30.39
SULA4,,,2025-04-25 19:55:34,0.0,0,,,,,,2.17,0.01,895.0,4.25,0.83,4.08,0.37,,2.29,0.08,2.29,0.73,261.17,,3.058,14.273,11.137,,,3.34,0.0,0.0
BEEF11,,,2025-04-25 19:55:48,0.0,0,,,,,,,,,,,,,,,,,,,,,,,,,,0.0,0.0
JBDU1,,,2025-04-25 19:56:04,0.0,0,,,,,,,,,,,,,,,,,,,,,,,,,,0.0,0.0
JBDU2,,,2025-04-25 19:56:21,0.0,0,,,,,,,,,,,,,,,,,,,,,,,,,,0.0,0.0
LOGN12,,,2025-04-25 19:56:35,0.0,0,,,,,,,,,,,,,,,,,,,,,,,,,,0.0,0.0
MYPK12,,,2025-04-25 19:56:50,0.0,0,,,,,,,,,,,,,,,,,,,,,,,,,,0.0,0.0
PATC11,,,2025-04-25 19:57:02,35.47,290.30%,,,,,,,,,,,,,,,,,,,,,,,,,,0.0,0.0
BBDC3,,,2025-04-25 19:57:12,11.97,49.22%,1.8,15.15,6.61,0.79,,11.89,0.01,,14.89,9.26,,6.43,,,,,0.12,,159.89,,,,19.45,,,18.09,12.66
VGIR11,,,2025-04-25 19:57:21,9.25,--,,,,,,,,,,,,,,,,,,,,,,,,,,0.0,0.0
VILG11,,,2025-04-25 19:57:30,83.91,96.97%,,,,,,,,,,,,,,,,,,,,,,,,,,0.0,0.0
CNTO3,,,2025-04-25 19:57:44,0.0,0,,,,,,,,,,,,,,,,,,,,,,,,,,0.0,0.0
BTCR11,,,2025-04-25 19:57:55,0.0,--,,,,,,,,,,,,,,,,,,,,,,,,,,0.0,0.0
VAMO3,,,2025-04-25 19:58:04,5.36,40.24%,0.35,2.26,15.41,2.4,,15.6,0.02,3.313,63.95,8.11,70.51,20.06,,1.52,0.06,1.48,0.23,730.22,18.76,14.493,11.704,1.415,4.35,2.37,54.54,3.08,2.01
CAMB10,,,2025-04-25 19:58:19,0.0,0,,,,,,,,,,,,,,,,,,,,,,,,,,0.0,0.0
IDVL9,,,2025-04-25 19:58:34,0.0,0,,,,,,,,,,,,,,,,,,,,,,,,,,0.0,0.0
MELI34,,,2025-04-25 19:58:49,103.83,0.00%,,,,,,,,,,,,,,,,,,,,,,,,,,0.0,0.0
MOAR3,,,2025-04-25 19:58:59,226.0,569.17%,5.93,110.44,38.79,2.08,,5.37,0.03,65.0,,,,,,11.16,5.67,11.16,0.0,85.53,204.9,673.0,839.0,1.44,0.0,5.29,,88.65,482.17
RBVA11,,,2025-04-25 19:59:12,86.7,65.03%,,,,,,,,,,,,,,,,,,,,,,,,,,0.0,0.0
MRSA3B,,,2025-04-25 19:59:25,29.0,20.14%,4.19,22.09,6.92,1.31,,18.96,0.07,3.559,44.34,20.15,50.68,29.15,,1.58,1.22,1.49,0.34,176.09,60.99,8.168,4.021,1.982,20.79,7.53,36.23,33.33,12.06
VTLT11,,,2025-04-25 19:59:35,87.56,--,,,,,,,,,,,,,,,,,,,,,,,,,,0.0,0.0
GTWR11,,,2025-04-25 19:59:45,69.7,--,,,,,,,,,,,,,,,,,,,,,,,,,,0.0,0.0
BIDI11,,,2025-04-25 20:00:02,0.0,0,,,,,,,,,,,,,,,,,,,,,,,,,,0.0,0.0
BIDI3,,,2025-04-25 20:00:18,0.0,0,,,,,,0.51,0.0,,71.16,1.85,,8.59,,,,,0.05,,,,,,,,,0.0,0.0
DMAC11,,,2025-04-25 20:00:29,0.0,0,,,,,,,,,,,,,,,,,,,,,,,,,,0.0,0.0
TFOF11,,,2025-04-25 20:00:40,0.0,0,,,,,,,,,,,,,,,,,,,,,,,,,,0.0,0.0
HCTR11,,,2025-04-25 20:00:49,21.61,89.89%,,,,,,,,,,,,,,,,,,,,,,,,,,0.0,0.0
TIET2,,,2025-04-25 20:01:01,0.0,0,,,,,,,,,,,,,,,,,,,,,,,,,,0.0,0.0
HSML11,,,2025-04-25 20:01:12,85.36,181.94%,,,,,,,,,,,,,,,,,,,,,,,,,,0.0,0.0
XPHT11,,,2025-04-25 20:01:24,0.0,0,,,,,,,,,,,,,,,,,,,,,,,,,,0.0,0.0
XPHT12,,,2025-04-25 20:01:32,0.0,0,,,,,,,,,,,,,,,,,,,,,,,,,,0.0,0.0
HABT11,,,2025-04-25 20:01:42,81.63,--,,,,,,,,,,,,,,,,,,,,,,,,,,0.0,0.0
RECT11,,,2025-04-25 20:01:55,31.91,9.70%,,,,,,,,,,,,,,,,,,,,,,,,,,0.0,0.0
AQLL11,,,2025-04-25 20:02:04,0.0,0,,,,,,,,,,,,,,,,,,,,,,,,,,0.0,0.0
ARFI11B,,,2025-04-25 20:02:15,0.0,0,,,,,,,,,,,,,,,,,,,,,,,,,,0.0,0.0
ATCR11,,,2025-04-25 20:02:33,0.0,0,,,,,,,,,,,,,,,,,,,,,,,,,,0.0,0.0
BARI11,,,2025-04-25 20:02:43,73.6,156.12%,,,,,,,,,,,,,,,,,,,,,,,,,,0.0,0.0
BBIM11,,,2025-04-25 20:02:54,0.0,0,,,,,,,,,,,,,,,,,,,,,,,,,,0.0,0.0
BMII11,,,2025-04-25 20:03:02,0.0,--,,,,,,,,,,,,,,,,,,,,,,,,,,0.0,0.0
BPRP11,,,2025-04-25 20:03:14,0.0,0,,,,,,,,,,,,,,,,,,,,,,,,,,0.0,0.0
BRHT11B,,,2025-04-25 20:03:31,0.0,0,,,,,,,,,,,,,,,,,,,,,,,,,,0.0,0.0
BVAR11,,,2025-04-25 20:03:41,0.0,--,,,,,,,,,,,,,,,,,,,,,,,,,,0.0,0.0
DAMT11B,,,2025-04-25 20:03:54,0.0,0,,,,,,,,,,,,,,,,,,,,,,,,,,0.0,0.0
DOVL11B,,,2025-04-25 20:04:07,0.0,0,,,,,,,,,,,,,,,,,,,,,,,,,,0.0,0.0
ELDO11B,,,2025-04-25 20:04:23,0.0,0,,,,,,,,,,,,,,,,,,,,,,,,,,0.0,0.0
ERPA11,,,2025-04-25 20:04:33,134.0,--,,,,,,,,,,,,,,,,,,,,,,,,,,0.0,0.0
FINF11,,,2025-04-25 20:04:46,0.0,0,,,,,,,,,,,,,,,,,,,,,,,,,,0.0,0.0
FISC11,,,2025-04-25 20:04:58,67.0,75.69%,,,,,,,,,,,,,,,,,,,,,,,,,,0.0,0.0
FISD11,,,2025-04-25 20:05:08,0.0,0,,,,,,,,,,,,,,,,,,,,,,,,,,0.0,0.0
FPNG11,,,2025-04-25 20:05:18,0.0,--,,,,,,,,,,,,,,,,,,,,,,,,,,0.0,0.0
FTCE11B,,,2025-04-25 20:05:33,0.0,0,,,,,,,,,,,,,,,,,,,,,,,,,,0.0,0.0
GESE11B,,,2025-04-25 20:05:47,0.0,0,,,,,,,,,,,,,,,,,,,,,,,,,,0.0,0.0
HBTT11,,,2025-04-25 20:06:04,0.0,0,,,,,,,,,,,,,,,,,,,,,,,,,,0.0,0.0
HGFF11,,,2025-04-25 20:06:15,71.75,--,,,,,,,,,,,,,,,,,,,,,,,,,,0.0,0.0
HUSC11,,,2025-04-25 20:06:27,97.15,--,,,,,,,,,,,,,,,,,,,,,,,,,,0.0,0.0
JPPC11,,,2025-04-25 20:06:37,0.0,--,,,,,,,,,,,,,,,,,,,,,,,,,,0.0,0.0
KINP11,,,2025-04-25 20:06:49,0.0,--,,,,,,,,,,,,,,,,,,,,,,,,,,0.0,0.0
LATR11B,,,2025-04-25 20:07:04,0.0,0,,,,,,,,,,,,,,,,,,,,,,,,,,0.0,0.0
NCHB11,,,2025-04-25 20:07:14,0.0,--,,,,,,,,,,,,,,,,,,,,,,,,,,0.0,0.0
NPAR11,,,2025-04-25 20:07:27,0.0,0,,,,,,,,,,,,,,,,,,,,,,,,,,0.0,0.0
NVHO11,,,2025-04-25 20:07:35,11.19,--,,,,,,,,,,,,,,,,,,,,,,,,,,0.0,0.0
NVIF11B,,,2025-04-25 20:07:52,0.0,0,,,,,,,,,,,,,,,,,,,,,,,,,,0.0,0.0
ORPD11,,,2025-04-25 20:08:07,0.0,0,,,,,,,,,,,,,,,,,,,,,,,,,,0.0,0.0
OULG11B,,,2025-04-25 20:08:17,0.0,0,,,,,,,,,,,,,,,,,,,,,,,,,,0.0,0.0
PBLV11,,,2025-04-25 20:08:32,0.0,0,,,,,,,,,,,,,,,,,,,,,,,,,,0.0,0.0
PRSN11B,,,2025-04-25 20:08:45,0.0,0,,,,,,,,,,,,,,,,,,,,,,,,,,0.0,0.0
PRTS11,,,2025-04-25 20:09:00,0.0,0,,,,,,,,,,,,,,,,,,,,,,,,,,0.0,0.0
RBCO11,,,2025-04-25 20:09:13,0.0,0,,,,,,,,,,,,,,,,,,,,,,,,,,0.0,0.0
RBFF11,,,2025-04-25 20:09:21,50.66,--,,,,,,,,,,,,,,,,,,,,,,,,,,0.0,0.0
RBRP11,,,2025-04-25 20:09:33,49.02,--,,,,,,,,,,,,,,,,,,,,,,,,,,0.0,0.0
RBRY11,,,2025-04-25 20:09:45,93.3,--,,,,,,,,,,,,,,,,,,,,,,,,,,0.0,0.0
RCFA11,,,2025-04-25 20:09:56,0.75,0.00%,,,,,,,,,,,,,,,,,,,,,,,,,,0.0,0.0
RCRI11B,,,2025-04-25 20:10:05,0.0,0,,,,,,,,,,,,,,,,,,,,,,,,,,0.0,0.0
RDPD11,,,2025-04-25 20:10:18,0.0,0,,,,,,,,,,,,,,,,,,,,,,,,,,0.0,0.0
REIT11,,,2025-04-25 20:10:29,0.0,--,,,,,,,,,,,,,,,,,,,,,,,,,,0.0,0.0
SADI11,,,2025-04-25 20:10:41,8.75,100.49%,,,,,,,,,,,,,,,,,,,,,,,,,,0.0,0.0
SAIC11B,,,2025-04-25 20:10:57,0.0,0,,,,,,,,,,,,,,,,,,,,,,,,,,0.0,0.0
SFND11,,,2025-04-25 20:11:14,0.0,0,,,,,,,,,,,,,,,,,,,,,,,,,,0.0,0.0
SHDP11B,,,2025-04-25 20:11:31,0.0,0,,,,,,,,,,,,,,,,,,,,,,,,,,0.0,0.0
SHOP11,,,2025-04-25 20:11:43,22.4,0.00%,,,,,,,,,,,,,,,,,,,,,,,,,,0.0,0.0
SPAF11,,,2025-04-25 20:12:00,0.0,0,,,,,,,,,,,,,,,,,,,,,,,,,,0.0,0.0
STRX11,,,2025-04-25 20:12:09,0.0,--,,,,,,,,,,,,,,,,,,,,,,,,,,0.0,0.0
TCR11,,,2025-04-25 20:12:23,0.0,0,,,,,,,,,,,,,,,,,,,,,,,,,,0.0,0.0
TORM13,,,2025-04-25 20:12:38,0.0,0,,,,,,,,,,,,,,,,,,,,,,,,,,0.0,0.0
TOUR11,,,2025-04-25 20:12:54,0.0,0,,,,,,,,,,,,,,,,,,,,,,,,,,0.0,0.0
TSNC11,,,2025-04-25 20:13:03,0.0,--,,,,,,,,,,,,,,,,,,,,,,,,,,0.0,0.0
VERE11,,,2025-04-25 20:13:15,0.0,--,,,,,,,,,,,,,,,,,,,,,,,,,,0.0,0.0
VLJS11,,,2025-04-25 20:13:32,0.0,0,,,,,,,,,,,,,,,,,,,,,,,,,,0.0,0.0
VPSI11,,,2025-04-25 20:13:43,0.0,--,,,,,,,,,,,,,,,,,,,,,,,,,,0.0,0.0
WTSP11B,,,2025-04-25 20:13:57,0.0,0,,,,,,,,,,,,,,,,,,,,,,,,,,0.0,0.0
YCHY11,,,2025-04-25 20:14:09,0.0,0,,,,,,,,,,,,,,,,,,,,,,,,,,0.0,0.0
VIVA3,,,2025-04-25 20:14:19,21.14,13.42%,2.77,10.57,7.41,1.94,,26.17,0.15,838.0,70.23,25.35,32.52,24.3,,2.79,0.28,1.46,0.6,71.16,18.09,398.0,115.0,1.786,10.91,2.89,26.53,18.74,5.31
CEAB3,,,2025-04-25 20:14:39,13.42,23.48%,1.47,10.73,9.15,1.25,,13.68,0.04,1.158,54.69,5.93,15.17,6.72,,1.3,0.36,1.03,0.76,203.88,32.62,1.498,75.0,1.143,24.77,2.63,10.6,13.76,4.93
BMGB11,,,2025-04-25 20:14:55,0.0,0,,,,,,,,,,,,,,,,,,,,,,,,,,0.0,0.0
BMGB4,,,2025-04-25 20:15:07,3.8,162.51%,0.72,7.38,5.28,0.51,,9.75,0.01,,23.94,5.48,,5.22,,0.76,,,0.15,,86.93,,,5.573,13.14,,,7.99,16.72
SDIP11,,,2025-04-25 20:15:21,0.0,0,,,,,,,,,,,,,,,,,,,,,,,,,,0.0,0.0
RBCO11,,,2025-04-25 20:15:30,0.0,0,,,,,,,,,,,,,,,,,,,,,,,,,,0.0,0.0
IBFF11,,,2025-04-25 20:15:39,0.0,0,,,,,,,,,,,,,,,,,,,,,,,,,,0.0,0.0
CVBI11,,,2025-04-25 20:15:50,86.0,--,,,,,,,,,,,,,,,,,,,,,,,,,,0.0,0.0
HRDF11,,,2025-04-25 20:16:00,0.0,--,,,,,,,,,,,,,,,,,,,,,,,,,,0.0,0.0
RSPD11,,,2025-04-25 20:16:10,0.0,--,,,,,,,,,,,,,,,,,,,,,,,,,,0.0,0.0
TCPF11,,,2025-04-25 20:16:26,0.0,0,,,,,,,,,,,,,,,,,,,,,,,,,,0.0,0.0
